시군구,번지,본번,부번,단지명,전용면적(㎡),계약년월,계약일,거래금액(만원),층,건축년도,도로명,해제사유발생일
서울특별시 강남구 개포동,652,652,0,개포우성3차,104.43,202101,5,"220,000",3,1984,개포로 307,20210201
서울특별시 강남구 개포동,652,652,0,개포우성3차,104.43,202101,5,"220,000",3,1984,개포로 307,
서울특별시 강남구 개포동,652,652,0,개포우성3차,104.43,202101,11,"220,000",8,1984,개포로 307,
서울특별시 강남구 개포동,652,652,0,개포우성3차,104.43,202101,25,"145,000",6,1984,개포로 307,
서울특별시 강남구 개포동,652,652,0,개포우성3차,104.43,202102,9,"145,000",6,1984,개포로 307,20210223
서울특별시 강남구 개포동,12월 02일,12,2,개포자이(12-2),134.3,202101,13,"239,500",8,2004,개포로109길 69,
서울특별시 강남구 개포동,12월 02일,12,2,개포자이(12-2),134.3,202101,21,"200,000",13,2004,개포로109길 69,
서울특별시 강남구 개포동,12월 02일,12,2,개포자이(12-2),170.32,202101,30,"270,000",19,2004,개포로109길 69,
서울특별시 강남구 개포동,185,185,0,개포주공 6단지,53.06,202101,1,"178,000",3,1983,개포로 516,
서울특별시 강남구 개포동,185,185,0,개포주공 6단지,53.06,202102,1,"200,000",12,1983,개포로 516,
서울특별시 강남구 개포동,185,185,0,개포주공 6단지,73.02,202102,28,"240,500",7,1983,개포로 516,
서울특별시 강남구 개포동,185,185,0,개포주공 7단지,60.76,202101,7,"200,000",9,1983,개포로 516,
서울특별시 강남구 개포동,185,185,0,개포주공 7단지,53.46,202101,14,"180,000",11,1983,개포로 516,
서울특별시 강남구 개포동,185,185,0,개포주공 7단지,73.26,202101,30,"235,000",1,1983,개포로 516,
서울특별시 강남구 개포동,655-1,655,1,개포현대200동,82.2,202101,22,"192,000",8,1986,언주로 105,
서울특별시 강남구 개포동,649,649,0,경남1,123.28,202101,7,"268,000",1,1984,언주로 110,
서울특별시 강남구 개포동,649,649,0,경남1,166.48,202101,9,"298,000",1,1984,언주로 110,
서울특별시 강남구 개포동,649,649,0,경남1,96.98,202103,11,"235,000",3,1984,언주로 110,
서울특별시 강남구 개포동,649,649,0,경남2차,182.2,202102,5,"327,000",11,1984,언주로 110,
서울특별시 강남구 개포동,649,649,0,경남2차,186.16,202102,6,"332,000",14,1984,언주로 110,
서울특별시 강남구 개포동,649,649,0,경남2차,182.2,202103,15,"300,000",1,1984,언주로 110,
서울특별시 강남구 개포동,138,138,0,디에이치아너힐즈,84.6348,202101,22,"274,000",20,2019,삼성로 11,
서울특별시 강남구 개포동,138,138,0,디에이치아너힐즈,59.8732,202103,2,"215,000",15,2019,삼성로 11,
서울특별시 강남구 개포동,138,138,0,디에이치아너힐즈,76.1709,202103,9,"258,000",11,2019,삼성로 11,
서울특별시 강남구 개포동,138,138,0,디에이치아너힐즈,59.7479,202103,27,"213,000",7,2019,삼성로 11,
서울특별시 강남구 개포동,1280,1280,0,래미안블레스티지,59.888,202101,7,"200,000",2,2019,선릉로 8,
서울특별시 강남구 개포동,1280,1280,0,래미안블레스티지,84.943,202101,14,"267,000",6,2019,선릉로 8,
서울특별시 강남구 개포동,1280,1280,0,래미안블레스티지,84.94,202101,18,"277,000",23,2019,선릉로 8,20210309
서울특별시 강남구 개포동,1280,1280,0,래미안블레스티지,49.909,202102,6,"173,000",10,2019,선릉로 8,
서울특별시 강남구 개포동,1280,1280,0,래미안블레스티지,84.943,202102,15,"251,000",1,2019,선릉로 8,
서울특별시 강남구 개포동,1280,1280,0,래미안블레스티지,59.967,202102,16,"210,000",9,2019,선릉로 8,
서울특별시 강남구 개포동,1280,1280,0,래미안블레스티지,59.967,202102,22,"200,000",5,2019,선릉로 8,
서울특별시 강남구 개포동,1280,1280,0,래미안블레스티지,84.94,202103,9,"277,000",23,2019,선릉로 8,
서울특별시 강남구 개포동,1280,1280,0,래미안블레스티지,59.967,202103,10,"199,000",10,2019,선릉로 8,
서울특별시 강남구 개포동,12,12,0,삼익대청아파트,60,202101,4,"157,000",13,1992,개포로109길 21,
서울특별시 강남구 개포동,12,12,0,삼익대청아파트,39.53,202101,9,"124,500",1,1992,개포로109길 21,
서울특별시 강남구 개포동,12,12,0,삼익대청아파트,39.53,202101,11,"125,000",4,1992,개포로109길 21,
서울특별시 강남구 개포동,12,12,0,삼익대청아파트,51.12,202101,14,"150,000",13,1992,개포로109길 21,
서울특별시 강남구 개포동,12,12,0,삼익대청아파트,60,202101,15,"160,000",13,1992,개포로109길 21,
서울특별시 강남구 개포동,12,12,0,삼익대청아파트,39.53,202101,19,"128,000",5,1992,개포로109길 21,
서울특별시 강남구 개포동,12,12,0,삼익대청아파트,51.12,202102,3,"145,000",2,1992,개포로109길 21,
서울특별시 강남구 개포동,12,12,0,삼익대청아파트,60,202102,21,"164,000",6,1992,개포로109길 21,
서울특별시 강남구 개포동,12,12,0,삼익대청아파트,60,202102,22,"161,500",4,1992,개포로109길 21,
서울특별시 강남구 개포동,12,12,0,삼익대청아파트,60,202102,28,"166,000",6,1992,개포로109길 21,
서울특별시 강남구 개포동,12,12,0,삼익대청아파트,51.12,202103,2,"151,500",11,1992,개포로109길 21,
서울특별시 강남구 개포동,12,12,0,삼익대청아파트,39.53,202103,15,"126,500",6,1992,개포로109길 21,
서울특별시 강남구 개포동,1164-14,1164,14,새롬(1164-14),57.93,202103,25,"53,450",2,2000,논현로2길 38,
서울특별시 강남구 개포동,12,12,0,성원대치2단지아파트,49.86,202101,4,"150,000",12,1992,개포로109길 9,
서울특별시 강남구 개포동,12,12,0,성원대치2단지아파트,39.53,202101,10,"127,000",10,1992,개포로109길 9,
서울특별시 강남구 개포동,12,12,0,성원대치2단지아파트,49.86,202101,13,"139,000",3,1992,개포로109길 9,
서울특별시 강남구 개포동,12,12,0,성원대치2단지아파트,49.86,202101,14,"153,000",8,1992,개포로109길 9,
서울특별시 강남구 개포동,12,12,0,성원대치2단지아파트,49.86,202101,15,"145,000",4,1992,개포로109길 9,
서울특별시 강남구 개포동,12,12,0,성원대치2단지아파트,33.18,202101,20,"108,000",11,1992,개포로109길 9,
서울특별시 강남구 개포동,12,12,0,성원대치2단지아파트,33.18,202101,21,"111,000",12,1992,개포로109길 9,
서울특별시 강남구 개포동,12,12,0,성원대치2단지아파트,39.53,202101,26,"133,000",15,1992,개포로109길 9,
서울특별시 강남구 개포동,12,12,0,성원대치2단지아파트,33.18,202101,30,"108,500",8,1992,개포로109길 9,
서울특별시 강남구 개포동,12,12,0,성원대치2단지아파트,33.18,202101,31,"109,000",6,1992,개포로109길 9,
서울특별시 강남구 개포동,12,12,0,성원대치2단지아파트,39.53,202102,2,"127,000",1,1992,개포로109길 9,
서울특별시 강남구 개포동,12,12,0,성원대치2단지아파트,49.86,202102,3,"145,000",4,1992,개포로109길 9,
서울특별시 강남구 개포동,12,12,0,성원대치2단지아파트,39.53,202102,5,"135,000",14,1992,개포로109길 9,
서울특별시 강남구 개포동,12,12,0,성원대치2단지아파트,33.18,202102,23,"114,000",8,1992,개포로109길 9,
서울특별시 강남구 개포동,12,12,0,성원대치2단지아파트,33.18,202102,23,"108,000",9,1992,개포로109길 9,
서울특별시 강남구 개포동,12,12,0,성원대치2단지아파트,39.53,202102,23,"131,000",14,1992,개포로109길 9,
서울특별시 강남구 개포동,12,12,0,성원대치2단지아파트,39.53,202102,24,"128,000",6,1992,개포로109길 9,
서울특별시 강남구 개포동,12,12,0,성원대치2단지아파트,33.18,202102,27,"109,000",8,1992,개포로109길 9,
서울특별시 강남구 개포동,12,12,0,성원대치2단지아파트,33.18,202103,1,"105,000",12,1992,개포로109길 9,
서울특별시 강남구 개포동,12,12,0,성원대치2단지아파트,33.18,202103,6,"109,000",3,1992,개포로109길 9,
서울특별시 강남구 개포동,12,12,0,성원대치2단지아파트,39.53,202103,29,"136,000",15,1992,개포로109길 9,
서울특별시 강남구 개포동,179,179,0,우성8,78.93,202101,3,"181,000",3,1987,개포로 411,
서울특별시 강남구 개포동,179,179,0,우성8,79.61,202101,11,"200,000",2,1987,개포로 411,20210225
서울특별시 강남구 개포동,179,179,0,우성8,79.61,202101,11,"200,000",2,1987,개포로 411,
서울특별시 강남구 개포동,651-1,651,1,"우성9차아파트 901동, 902동",84.9,202101,11,"241,000",15,1991,개포로 311,
서울특별시 강남구 개포동,1260-11,1260,11,우찬현대(1260-11),59.7,202103,7,"65,900",6,2006,개포로31길 3-12,
서울특별시 강남구 개포동,653,653,0,현대1차101동~106동,95.4,202101,1,"215,000",9,1984,개포로 303,
서울특별시 강남구 개포동,653,653,0,현대1차101동~106동,177.19,202101,16,"317,000",4,1984,개포로 303,
서울특별시 강남구 개포동,653,653,0,현대1차101동~106동,128.62,202102,3,"270,000",9,1984,개포로 303,
서울특별시 강남구 개포동,654,654,0,현대2,131.83,202101,9,"265,000",8,1986,언주로 107,
서울특별시 강남구 개포동,654,654,0,현대2,84.81,202101,15,"224,000",5,1986,언주로 107,
서울특별시 강남구 개포동,654,654,0,현대2,165.08,202101,30,"310,000",1,1986,언주로 107,
서울특별시 강남구 개포동,654,654,0,현대2,131.83,202102,2,"270,000",3,1986,언주로 107,
서울특별시 강남구 개포동,177,177,0,현대3,163.85,202101,14,"243,000",5,1986,개포로 409,20210122
서울특별시 강남구 논현동,196,196,0,거평프리젠,30.215,202103,22,"33,800",9,1996,강남대로112길 41,
서울특별시 강남구 논현동,225-6,225,6,논현 아이파크,59.75,202101,18,"164,000",15,2020,언주로 615,
서울특별시 강남구 논현동,225-6,225,6,논현 아이파크,47.46,202102,27,"130,000",3,2020,언주로 615,
서울특별시 강남구 논현동,192-3,192,3,논현동프라임,135.3,202101,26,"123,500",7,2004,논현로113길 5,
서울특별시 강남구 논현동,192-3,192,3,논현동프라임,139.35,202102,10,"120,500",4,2004,논현로113길 5,
서울특별시 강남구 논현동,275,275,0,동부센트레빌,114.498,202102,5,"220,000",18,2003,언주로116길 6,
서울특별시 강남구 논현동,275,275,0,동부센트레빌,84.9875,202102,18,"179,500",20,2003,언주로116길 6,
서울특별시 강남구 논현동,245,245,0,동양파라곤,208.35,202101,28,"355,000",7,2004,언주로130길 30,
서울특별시 강남구 논현동,245,245,0,동양파라곤,180.07,202102,7,"305,000",9,2004,언주로130길 30,
서울특별시 강남구 논현동,245,245,0,동양파라곤,213.98,202103,4,"320,000",2,2004,언주로130길 30,
서울특별시 강남구 논현동,105,105,0,동현아파트 1~6,84.92,202101,8,"176,000",10,1985,언주로146길 18,
서울특별시 강남구 논현동,105,105,0,동현아파트 1~6,119.67,202101,11,"182,000",1,1985,언주로146길 18,
서울특별시 강남구 논현동,105,105,0,동현아파트 1~6,84.92,202101,15,"167,000",1,1985,언주로146길 18,
서울특별시 강남구 논현동,258,258,0,두산위브2단지,84.721,202101,25,"160,000",4,2004,언주로122길 25,
서울특별시 강남구 논현동,216-1,216,1,두영,85,202101,13,"91,000",4,2004,논현로124길 8,
서울특별시 강남구 논현동,109-9,109,9,라이헤스빌,82.67,202101,2,"80,500",4,2002,선릉로137길 21,
서울특별시 강남구 논현동,Feb-58,58,2,마일스디오빌,36.29,202101,21,"36,000",10,2004,학동로 165,
서울특별시 강남구 논현동,Feb-58,58,2,마일스디오빌,36.29,202101,31,"35,300",10,2004,학동로 165,
서울특별시 강남구 논현동,Feb-58,58,2,마일스디오빌,36.29,202102,15,"35,000",5,2004,학동로 165,
서울특별시 강남구 논현동,Feb-58,58,2,마일스디오빌,36.29,202103,29,"35,000",10,2004,학동로 165,20210331
서울특별시 강남구 논현동,Mar-43,43,3,브라운스톤,232.54,202102,2,"250,000",6,2005,학동로11길 13,
서울특별시 강남구 논현동,55,55,0,스위트캐슬레지던스,164.04,202102,8,"170,000",3,2004,학동로7길 6,
서울특별시 강남구 논현동,55,55,0,스위트캐슬레지던스,143.28,202103,30,"165,000",1,2004,학동로7길 6,
서울특별시 강남구 논현동,22,22,0,신동아(22),35.73,202101,4,"84,000",2,1997,강남대로146길 28,
서울특별시 강남구 논현동,22,22,0,신동아(22),84.52,202102,3,"165,000",5,1997,강남대로146길 28,
서울특별시 강남구 논현동,22,22,0,신동아(22),114.34,202102,3,"200,000",9,1997,강남대로146길 28,
서울특별시 강남구 논현동,22,22,0,신동아(22),35.73,202102,6,"95,000",7,1997,강남대로146길 28,
서울특별시 강남구 논현동,22,22,0,신동아(22),84.52,202103,18,"156,700",3,1997,강남대로146길 28,
서울특별시 강남구 논현동,103,103,0,쌍용,59.91,202101,26,"107,000",6,1996,도산대로50길 43,20210323
서울특별시 강남구 논현동,103,103,0,쌍용,59.91,202103,24,"107,000",6,1996,도산대로50길 43,
서울특별시 강남구 논현동,276-1,276,1,아크로힐스논현,84.13,202103,13,"210,000",30,2014,언주로 604,
서울특별시 강남구 논현동,107-44,107,44,우민,74.758,202101,19,"116,000",5,2002,언주로136길 21,
서울특별시 강남구 논현동,180-6,180,6,우성,110.1,202103,16,"105,000",1,2004,강남대로120길 58,
서울특별시 강남구 논현동,108-2,108,2,제이빌,75.12,202102,9,"95,000",5,2004,학동로43길 30,
서울특별시 강남구 논현동,Sep-44,44,9,지고하임(102동),77.7,202101,16,"90,000",4,2003,강남대로136길 40,
서울특별시 강남구 논현동,Mar-62,62,3,"청학아파트 에이동,비동,씨동",97.18,202101,23,"140,000",6,1976,도산대로 232,
서울특별시 강남구 논현동,Mar-62,62,3,"청학아파트 에이동,비동,씨동",85.12,202101,26,"119,000",2,1976,도산대로 232,
서울특별시 강남구 논현동,Mar-62,62,3,"청학아파트 에이동,비동,씨동",85.12,202103,18,"130,000",4,1976,도산대로 232,
서울특별시 강남구 논현동,221-7,221,7,한양수자인어반게이트,16.2,202101,6,"24,000",2,2013,봉은사로29길 35,
서울특별시 강남구 논현동,221-7,221,7,한양수자인어반게이트,16.2,202103,3,"20,000",5,2013,봉은사로29길 35,
서울특별시 강남구 논현동,221-7,221,7,한양수자인어반게이트,16.2,202103,6,"20,200",8,2013,봉은사로29길 35,
서울특별시 강남구 논현동,221-7,221,7,한양수자인어반게이트,16.2,202103,26,"22,000",9,2013,봉은사로29길 35,
서울특별시 강남구 논현동,194-23,194,23,한화꿈에그린2차,117.335,202103,6,"160,000",6,2006,봉은사로21길 19,
서울특별시 강남구 대치동,503,503,0,개포우성1,84.81,202101,2,"285,000",12,1983,선릉로 120,
서울특별시 강남구 대치동,503,503,0,개포우성1,84.81,202101,2,"285,000",12,1983,선릉로 120,
서울특별시 강남구 대치동,500,500,0,개포우성2,127.78,202102,23,"378,000",11,1984,선릉로 120,
서울특별시 강남구 대치동,1017-1,1017,1,노빌리티빌리지,168.04,202101,30,"225,000",2,1999,삼성로51길 10-13,
서울특별시 강남구 대치동,891-26,891,26,대우아이빌멤버스(891-26),35.236,202101,14,"33,500",11,2003,삼성로85길 42,
서울특별시 강남구 대치동,1014-3,1014,3,대치삼성,59.88,202101,14,"187,000",3,2000,도곡로78길 22,
서울특별시 강남구 대치동,1014-3,1014,3,대치삼성,97.35,202101,27,"270,000",8,2000,도곡로78길 22,
서울특별시 강남구 대치동,888,888,0,대치아이파크,114.97,202102,18,"315,000",8,2008,선릉로 222,
서울특별시 강남구 대치동,63,63,0,"대치우성아파트1동, 2동, 3동, 5동, 6동, 7동",84.69,202102,8,"227,000",7,1984,영동대로 230,
서울특별시 강남구 대치동,63,63,0,"대치우성아파트1동, 2동, 3동, 5동, 6동, 7동",84.69,202102,8,"227,000",7,1984,영동대로 230,20210215
서울특별시 강남구 대치동,63,63,0,"대치우성아파트1동, 2동, 3동, 5동, 6동, 7동",84.69,202102,23,"233,500",12,1984,영동대로 230,
서울특별시 강남구 대치동,974,974,0,대치현대,59.82,202101,20,"164,000",21,1999,삼성로64길 5,
서울특별시 강남구 대치동,670,670,0,동부센트레빌,145.83,202102,2,"389,000",3,2005,선릉로 206,
서울특별시 강남구 대치동,670,670,0,동부센트레빌,145.83,202102,3,"392,000",21,2005,선릉로 206,
서울특별시 강남구 대치동,670,670,0,동부센트레빌,161.47,202103,20,"450,000",14,2005,선릉로 206,
서울특별시 강남구 대치동,1016-2,1016,2,삼성3차,150.03,202101,7,"243,000",2,2000,도곡로78길 13,
서울특별시 강남구 대치동,506,506,0,선경1차(1동-7동),117.7,202103,31,"327,000",8,1983,삼성로 151,
서울특별시 강남구 대치동,65,65,0,쌍용대치2,120.76,202103,9,"290,000",7,1983,영동대로 220,
서울특별시 강남구 대치동,66,66,0,"쌍용대치아파트1동, 2동, 3동, 5동, 6동",128.03,202103,6,"300,000",14,1983,영동대로 210,
서울특별시 강남구 대치동,66,66,0,"쌍용대치아파트1동, 2동, 3동, 5동, 6동",148.8,202103,29,"324,000",15,1983,영동대로 210,
서울특별시 강남구 대치동,950,950,0,우정에쉐르,97.85,202102,25,"150,000",4,2004,영동대로85길 17,
서울특별시 강남구 대치동,316,316,0,은마,84.43,202101,19,"232,000",3,1979,삼성로 212,
서울특별시 강남구 대치동,316,316,0,은마,76.79,202101,19,"214,500",13,1979,삼성로 212,
서울특별시 강남구 대치동,316,316,0,은마,84.43,202101,22,"237,000",11,1979,삼성로 212,
서울특별시 강남구 대치동,316,316,0,은마,76.79,202101,26,"217,000",5,1979,삼성로 212,
서울특별시 강남구 대치동,316,316,0,은마,84.43,202101,26,"242,000",9,1979,삼성로 212,
서울특별시 강남구 대치동,316,316,0,은마,76.79,202102,2,"217,000",7,1979,삼성로 212,
서울특별시 강남구 대치동,316,316,0,은마,84.43,202102,9,"240,000",9,1979,삼성로 212,
서울특별시 강남구 대치동,316,316,0,은마,76.79,202102,10,"220,000",5,1979,삼성로 212,
서울특별시 강남구 대치동,316,316,0,은마,76.79,202102,18,"218,000",6,1979,삼성로 212,
서울특별시 강남구 대치동,316,316,0,은마,84.43,202102,24,"245,000",6,1979,삼성로 212,
서울특별시 강남구 대치동,316,316,0,은마,84.43,202103,2,"232,000",6,1979,삼성로 212,
서울특별시 강남구 대치동,316,316,0,은마,76.79,202103,2,"224,000",8,1979,삼성로 212,
서울특별시 강남구 대치동,316,316,0,은마,76.79,202103,8,"220,000",7,1979,삼성로 212,
서울특별시 강남구 대치동,316,316,0,은마,84.43,202103,24,"245,000",11,1979,삼성로 212,
서울특별시 강남구 대치동,891-6,891,6,테헤란로대우아이빌(891-6),59.83,202101,9,"77,000",13,2004,테헤란로 428,
서울특별시 강남구 대치동,891-6,891,6,테헤란로대우아이빌(891-6),35.51,202101,23,"43,700",14,2004,테헤란로 428,
서울특별시 강남구 대치동,891-6,891,6,테헤란로대우아이빌(891-6),29.63,202101,26,"31,800",4,2004,테헤란로 428,
서울특별시 강남구 대치동,891-6,891,6,테헤란로대우아이빌(891-6),35.51,202102,15,"43,300",17,2004,테헤란로 428,
서울특별시 강남구 대치동,891-6,891,6,테헤란로대우아이빌(891-6),65.24,202102,18,"55,000",6,2004,테헤란로 428,
서울특별시 강남구 대치동,891-6,891,6,테헤란로대우아이빌(891-6),33.11,202102,25,"34,500",4,2004,테헤란로 428,
서울특별시 강남구 대치동,891-6,891,6,테헤란로대우아이빌(891-6),29.63,202103,13,"29,990",7,2004,테헤란로 428,
서울특별시 강남구 대치동,891-6,891,6,테헤란로대우아이빌(891-6),59.83,202103,13,"79,000",16,2004,테헤란로 428,
서울특별시 강남구 대치동,891-6,891,6,테헤란로대우아이빌(891-6),65.24,202103,13,"55,000",9,2004,테헤란로 428,
서울특별시 강남구 대치동,902,902,0,포스코더샵,164.88,202102,9,"306,000",5,2004,삼성로 417,
서울특별시 강남구 대치동,986,986,0,하이캐슬102동,145.34,202103,6,"184,000",5,2005,삼성로64길 36,
서울특별시 강남구 대치동,511,511,0,한보미도맨션1,161.36,202101,6,"381,000",9,1983,삼성로 150,
서울특별시 강남구 대치동,511,511,0,한보미도맨션1,84.48,202101,25,"215,000",1,1983,삼성로 150,
서울특별시 강남구 대치동,511,511,0,한보미도맨션2,126.33,202101,29,"330,000",13,1985,삼성로 150,
서울특별시 강남구 대치동,511,511,0,한보미도맨션2,84.96,202101,29,"249,500",1,1985,삼성로 150,
서울특별시 강남구 대치동,511,511,0,한보미도맨션2,84.96,202102,16,"259,000",6,1985,삼성로 150,
서울특별시 강남구 도곡동,953-1,953,1,SK허브프리모,67.57,202101,2,"91,000",11,2006,강남대로 240,
서울특별시 강남구 도곡동,953-1,953,1,SK허브프리모,67.57,202101,8,"89,900",12,2006,강남대로 240,
서울특별시 강남구 도곡동,953-1,953,1,SK허브프리모,33.8,202101,26,"40,000",15,2006,강남대로 240,
서울특별시 강남구 도곡동,953-1,953,1,SK허브프리모,48.64,202102,5,"73,000",18,2006,강남대로 240,
서울특별시 강남구 도곡동,953-1,953,1,SK허브프리모,67.57,202102,9,"90,000",8,2006,강남대로 240,
서울특별시 강남구 도곡동,953-1,953,1,SK허브프리모,33.8,202103,29,"37,200",8,2006,강남대로 240,
서울특별시 강남구 도곡동,967,967,0,경남,59.76,202101,16,"149,000",4,2005,논현로 209,
서울특별시 강남구 도곡동,960,960,0,대림,84.93,202102,15,"184,000",5,1992,논현로41길 10,
서울특별시 강남구 도곡동,467-6,467,6,대림아크로빌,172.464,202101,14,"260,000",7,1999,언주로30길 13,
서울특별시 강남구 도곡동,467-6,467,6,대림아크로빌,146.754,202102,11,"222,500",25,1999,언주로30길 13,
서울특별시 강남구 도곡동,467-6,467,6,대림아크로빌,146.754,202102,26,"215,000",18,1999,언주로30길 13,
서울특별시 강남구 도곡동,952,952,0,대우디오빌,31.81,202101,18,"32,000",14,2004,강남대로 256,
서울특별시 강남구 도곡동,543-7,543,7,도곡1차아이파크,84.122,202102,17,"200,000",6,2007,도곡로28길 8,
서울특별시 강남구 도곡동,970,970,0,도곡3차아이파크,194.605,202101,27,"165,000",2,2007,도곡로14길 27,
서울특별시 강남구 도곡동,527,527,0,도곡렉슬,119.8906,202101,4,"329,000",18,2006,선릉로 221,
서울특별시 강남구 도곡동,527,527,0,도곡렉슬,84.9984,202101,8,"289,000",4,2006,선릉로 221,
서울특별시 강남구 도곡동,527,527,0,도곡렉슬,84.9984,202101,9,"289,000",18,2006,선릉로 221,
서울특별시 강남구 도곡동,527,527,0,도곡렉슬,114.9931,202101,16,"323,000",11,2006,선릉로 221,
서울특별시 강남구 도곡동,527,527,0,도곡렉슬,59.9818,202101,19,"230,000",11,2006,선릉로 221,
서울특별시 강남구 도곡동,527,527,0,도곡렉슬,119.8906,202101,22,"314,800",11,2006,선릉로 221,
서울특별시 강남구 도곡동,527,527,0,도곡렉슬,114.9931,202101,22,"332,000",22,2006,선릉로 221,
서울특별시 강남구 도곡동,527,527,0,도곡렉슬,138.3156,202101,30,"368,000",18,2006,선릉로 221,
서울특별시 강남구 도곡동,527,527,0,도곡렉슬,59.9772,202102,9,"190,000",17,2006,선릉로 221,
서울특별시 강남구 도곡동,527,527,0,도곡렉슬,59.9772,202102,21,"189,000",19,2006,선릉로 221,
서울특별시 강남구 도곡동,527,527,0,도곡렉슬,119.8906,202102,22,"320,000",16,2006,선릉로 221,
서울특별시 강남구 도곡동,527,527,0,도곡렉슬,59.9818,202102,25,"232,000",16,2006,선릉로 221,
서울특별시 강남구 도곡동,527,527,0,도곡렉슬,119.8906,202103,4,"329,000",7,2006,선릉로 221,
서울특별시 강남구 도곡동,527,527,0,도곡렉슬,119.8906,202103,13,"321,000",3,2006,선릉로 221,
서울특별시 강남구 도곡동,527,527,0,도곡렉슬,59.9203,202103,14,"200,000",17,2006,선릉로 221,
서울특별시 강남구 도곡동,527,527,0,도곡렉슬,134.9023,202103,15,"383,000",5,2006,선릉로 221,
서울특별시 강남구 도곡동,933,933,0,도곡쌍용예가,112.13,202101,14,"160,000",2,1978,남부순환로363길 30,
서울특별시 강남구 도곡동,933,933,0,도곡쌍용예가,107.53,202101,19,"205,000",12,1978,남부순환로363길 30,
서울특별시 강남구 도곡동,538-3,538,3,래미안도곡카운티,106.39,202103,5,"280,000",13,2016,도곡로 320,
서울특별시 강남구 도곡동,963,963,0,럭키(963),84.97,202101,16,"200,000",12,1995,논현로 213,
서울특별시 강남구 도곡동,963,963,0,럭키(963),84.97,202101,27,"196,500",7,1995,논현로 213,
서울특별시 강남구 도곡동,963,963,0,럭키(963),84.97,202102,3,"203,000",15,1995,논현로 213,
서울특별시 강남구 도곡동,963,963,0,럭키(963),84.97,202102,10,"204,000",10,1995,논현로 213,
서울특별시 강남구 도곡동,462-2,462,2,로덴하우스 웨스트빌리지,244.66,202101,22,"412,500",7,2009,남부순환로378길 11,
서울특별시 강남구 도곡동,462-1,462,1,로덴하우스 이스트빌리지,243.36,202101,30,"425,000",10,2009,남부순환로378길 9,
서울특별시 강남구 도곡동,551-28,551,28,롯데캐슬모닝,150.78,202101,23,"225,000",4,2003,도곡로14길 12,
서울특별시 강남구 도곡동,551-28,551,28,롯데캐슬모닝,150.78,202101,23,"225,000",4,2003,도곡로14길 12,
서울특별시 강남구 도곡동,194,194,0,리치아르떼빌,182.12,202101,26,"154,000",1,2003,남부순환로373길 4,
서울특별시 강남구 도곡동,966,966,0,매봉삼성,59.82,202102,28,"150,000",2,1999,언주로 203,
서울특별시 강남구 도곡동,161,161,0,삼성,54.81,202101,15,"136,900",8,1994,남부순환로379길 14,
서울특별시 강남구 도곡동,161,161,0,삼성,73.41,202101,18,"176,000",2,1994,남부순환로379길 14,
서울특별시 강남구 도곡동,161,161,0,삼성,84.81,202101,21,"190,000",4,1994,남부순환로379길 14,
서울특별시 강남구 도곡동,May-91,91,5,삼성래미안,122.81,202101,16,"280,000",18,2001,남부순환로 2803,
서울특별시 강남구 도곡동,May-91,91,5,삼성래미안,122.81,202101,30,"312,000",16,2001,남부순환로 2803,
서울특별시 강남구 도곡동,869,869,0,삼익,104.01,202101,9,"180,000",9,1983,논현로 218,
서울특별시 강남구 도곡동,202,202,0,상지리츠빌 카일룸,213.94,202101,27,"537,000",-1,2018,남부순환로373길 23,
서울특별시 강남구 도곡동,202,202,0,상지리츠빌 카일룸,212.45,202103,12,"556,600",2,2018,남부순환로373길 23,
서울특별시 강남구 도곡동,467-7,467,7,아카데미스위트1,122.07,202101,6,"180,000",28,2004,언주로30길 21,
서울특별시 강남구 도곡동,467-7,467,7,아카데미스위트1,128.74,202101,19,"185,000",41,2004,언주로30길 21,
서울특별시 강남구 도곡동,467-7,467,7,아카데미스위트1,128.74,202101,20,"183,000",36,2004,언주로30길 21,
서울특별시 강남구 도곡동,467-7,467,7,아카데미스위트1,128.74,202102,16,"184,000",33,2004,언주로30길 21,
서울특별시 강남구 도곡동,467-7,467,7,아카데미스위트1,128.74,202102,22,"184,000",31,2004,언주로30길 21,
서울특별시 강남구 도곡동,467-7,467,7,아카데미스위트1,128.74,202102,22,"184,000",32,2004,언주로30길 21,
서울특별시 강남구 도곡동,467-7,467,7,아카데미스위트1,122.07,202102,23,"181,000",12,2004,언주로30길 21,
서울특별시 강남구 도곡동,467-7,467,7,아카데미스위트1,122.07,202102,23,"181,000",29,2004,언주로30길 21,
서울특별시 강남구 도곡동,467-7,467,7,아카데미스위트1,128.74,202102,24,"182,000",14,2004,언주로30길 21,
서울특별시 강남구 도곡동,467-7,467,7,아카데미스위트1,128.74,202102,26,"183,000",28,2004,언주로30길 21,
서울특별시 강남구 도곡동,467-7,467,7,아카데미스위트1,128.74,202102,26,"183,000",25,2004,언주로30길 21,
서울특별시 강남구 도곡동,467-7,467,7,아카데미스위트1,122.07,202103,2,"183,000",29,2004,언주로30길 21,
서울특별시 강남구 도곡동,467-7,467,7,아카데미스위트1,122.07,202103,3,"183,000",28,2004,언주로30길 21,
서울특별시 강남구 도곡동,467-7,467,7,아카데미스위트1,128.74,202103,8,"184,000",26,2004,언주로30길 21,
서울특별시 강남구 도곡동,467-7,467,7,아카데미스위트1,128.74,202103,22,"184,000",26,2004,언주로30길 21,
서울특별시 강남구 도곡동,934-10,934,10,역삼우성,84.83,202102,16,"180,000",2,1986,남부순환로363길 49,
서울특별시 강남구 도곡동,465,465,0,우성4,84.6,202102,26,"238,000",2,1985,언주로 117,
서울특별시 강남구 도곡동,465,465,0,우성4,152.74,202103,19,"335,000",7,1985,언주로 117,
서울특별시 강남구 도곡동,467-10,467,10,우성리빙텔,120.21,202101,9,"155,000",9,1996,언주로30길 27,
서울특별시 강남구 도곡동,463-1,463,1,우성사원5,78.99,202101,16,"194,000",9,1986,언주로29길 34,
서울특별시 강남구 도곡동,200-1,200,1,월드메르디앙101동,189.39,202101,16,"205,000",5,2005,남부순환로373길 15,
서울특별시 강남구 도곡동,965,965,0,중명하니빌,22.78,202101,12,"29,800",6,1997,남부순환로365길 5,
서울특별시 강남구 도곡동,965,965,0,중명하니빌,34.1,202101,25,"33,000",2,1997,남부순환로365길 5,
서울특별시 강남구 도곡동,965,965,0,중명하니빌,33.83,202102,16,"34,000",5,1997,남부순환로365길 5,
서울특별시 강남구 도곡동,965,965,0,중명하니빌,37.18,202102,25,"41,000",7,1997,남부순환로365길 5,
서울특별시 강남구 도곡동,467,467,0,타워팰리스1,174.67,202101,6,"345,000",29,2002,언주로30길 56,
서울특별시 강남구 도곡동,467,467,0,타워팰리스1,164.97,202101,9,"350,000",45,2002,언주로30길 56,
서울특별시 강남구 도곡동,467,467,0,타워팰리스1,164.97,202101,9,"315,000",15,2002,언주로30길 56,
서울특별시 강남구 도곡동,467,467,0,타워팰리스1,164.95,202101,14,"360,000",29,2002,언주로30길 56,
서울특별시 강남구 도곡동,467,467,0,타워팰리스1,164.95,202101,16,"350,000",10,2002,언주로30길 56,
서울특별시 강남구 도곡동,467,467,0,타워팰리스1,164.97,202101,17,"360,000",47,2002,언주로30길 56,
서울특별시 강남구 도곡동,467,467,0,타워팰리스1,137.24,202101,18,"293,000",28,2002,언주로30길 56,
서울특별시 강남구 도곡동,467,467,0,타워팰리스1,244.66,202101,21,"559,000",54,2002,언주로30길 56,
서울특별시 강남구 도곡동,467,467,0,타워팰리스1,164.95,202101,29,"350,000",44,2002,언주로30길 56,
서울특별시 강남구 도곡동,467,467,0,타워팰리스1,137.24,202101,30,"300,000",17,2002,언주로30길 56,
서울특별시 강남구 도곡동,467,467,0,타워팰리스1,164.97,202102,6,"325,000",27,2002,언주로30길 56,20210330
서울특별시 강남구 도곡동,467,467,0,타워팰리스1,137.24,202102,24,"290,000",38,2002,언주로30길 56,
서울특별시 강남구 도곡동,467,467,0,타워팰리스1,174.67,202102,25,"359,000",5,2002,언주로30길 56,
서울특별시 강남구 도곡동,467,467,0,타워팰리스1,244.66,202103,26,"514,000",58,2002,언주로30길 56,
서울특별시 강남구 도곡동,467,467,0,타워팰리스1,164.97,202103,30,"325,000",27,2002,언주로30길 56,
서울특별시 강남구 도곡동,467-17,467,17,타워팰리스2,144.63,202101,2,"320,000",32,2003,언주로30길 57,
서울특별시 강남구 도곡동,467-17,467,17,타워팰리스2,164.13,202101,25,"270,000",45,2003,언주로30길 57,
서울특별시 강남구 도곡동,467-17,467,17,타워팰리스2,115.63,202103,13,"265,000",8,2003,언주로30길 57,
서울특별시 강남구 도곡동,467-17,467,17,타워팰리스2,164.88,202103,13,"339,674",55,2003,언주로30길 57,
서울특별시 강남구 도곡동,467-17,467,17,타워팰리스2,243.08,202103,13,"550,000",54,2003,언주로30길 57,20210323
서울특별시 강남구 도곡동,467-17,467,17,타워팰리스2,164.88,202103,13,"340,000",55,2003,언주로30길 57,20210323
서울특별시 강남구 도곡동,467-17,467,17,타워팰리스2,243.08,202103,13,"550,326",54,2003,언주로30길 57,
서울특별시 강남구 도곡동,467-17,467,17,타워팰리스2,144.63,202103,16,"300,000",19,2003,언주로30길 57,
서울특별시 강남구 도곡동,467-17,467,17,타워팰리스2,164.99,202103,23,"350,000",47,2003,언주로30길 57,
서울특별시 강남구 도곡동,467-17,467,17,타워팰리스2,154.35,202103,31,"379,000",47,2003,언주로30길 57,
서울특별시 강남구 도곡동,467-29,467,29,타워팰리스3,141.381,202102,4,"305,000",54,2004,언주로30길 26,
서울특별시 강남구 도곡동,467-29,467,29,타워팰리스3,124.641,202102,7,"260,000",22,2004,언주로30길 26,
서울특별시 강남구 도곡동,467-29,467,29,타워팰리스3,214.967,202102,10,"460,000",64,2004,언주로30길 26,
서울특별시 강남구 도곡동,467-29,467,29,타워팰리스3,141.381,202103,11,"298,000",30,2004,언주로30길 26,
서울특별시 강남구 도곡동,467-29,467,29,타워팰리스3,163.567,202103,19,"310,000",28,2004,언주로30길 26,
서울특별시 강남구 도곡동,550-1,550,1,파크힐,47.6,202103,20,"65,000",2,2005,도곡로14길 14-1,
서울특별시 강남구 도곡동,464,464,0,한신(개포),83.86,202101,29,"228,000",1,1985,언주로 123,
서울특별시 강남구 도곡동,464,464,0,한신(개포),52.72,202103,24,"202,000",5,1985,언주로 123,
서울특별시 강남구 도곡동,895-8,895,8,한신엠비씨,84.74,202101,21,"185,000",1,1988,논현로 205,
서울특별시 강남구 도곡동,895-8,895,8,한신엠비씨,84.74,202102,1,"197,800",6,1988,논현로 205,
서울특별시 강남구 도곡동,895-8,895,8,한신엠비씨,84.74,202102,24,"197,000",10,1988,논현로 205,
서울특별시 강남구 도곡동,467-19,467,19,현대비젼21,32.65,202101,5,"41,000",21,1999,언주로30길 10,
서울특별시 강남구 도곡동,467-19,467,19,현대비젼21,32.65,202101,21,"38,800",20,1999,언주로30길 10,
서울특별시 강남구 도곡동,467-19,467,19,현대비젼21,32.65,202101,30,"39,000",20,1999,언주로30길 10,
서울특별시 강남구 도곡동,467-19,467,19,현대비젼21,32.65,202103,20,"39,000",13,1999,언주로30길 10,
서울특별시 강남구 도곡동,961,961,0,현대아파트 1동~3동,84.96,202102,4,"175,000",14,1994,도곡로18길 35,
서울특별시 강남구 도곡동,193-1,193,1,힐데스하임빌라,244.55,202102,1,"370,000",1,1998,남부순환로377길 26,
서울특별시 강남구 도곡동,193-1,193,1,힐데스하임빌라,244.55,202102,1,"370,000",1,1998,남부순환로377길 26,20210302
서울특별시 강남구 도곡동,193-1,193,1,힐데스하임빌라,244.55,202102,24,"355,000",3,1998,남부순환로377길 26,
서울특별시 강남구 삼성동,142-3,142,3,LG선릉에클라트(B),36.35,202101,8,"36,000",15,2004,테헤란로63길 12,
서울특별시 강남구 삼성동,142-3,142,3,LG선릉에클라트(B),36.35,202101,12,"34,000",9,2004,테헤란로63길 12,
서울특별시 강남구 삼성동,142-3,142,3,LG선릉에클라트(B),36.35,202101,12,"34,000",11,2004,테헤란로63길 12,
서울특별시 강남구 삼성동,142-3,142,3,LG선릉에클라트(B),36.35,202101,15,"33,000",14,2004,테헤란로63길 12,
서울특별시 강남구 삼성동,142-3,142,3,LG선릉에클라트(B),36.35,202101,16,"35,000",11,2004,테헤란로63길 12,
서울특별시 강남구 삼성동,142-3,142,3,LG선릉에클라트(B),36.35,202101,28,"33,000",13,2004,테헤란로63길 12,
서울특별시 강남구 삼성동,142-3,142,3,LG선릉에클라트(B),36.35,202102,16,"34,500",10,2004,테헤란로63길 12,
서울특별시 강남구 삼성동,142-3,142,3,LG선릉에클라트(B),36.35,202102,22,"32,750",11,2004,테헤란로63길 12,
서울특별시 강남구 삼성동,142-3,142,3,LG선릉에클라트(B),36.35,202103,8,"38,700",10,2004,테헤란로63길 12,
서울특별시 강남구 삼성동,142-3,142,3,LG선릉에클라트(B),56.68,202103,20,"85,000",15,2004,테헤란로63길 12,
서울특별시 강남구 삼성동,33-22,33,22,대우멤버스카운티501,119.41,202102,5,"181,000",3,2005,봉은사로55길 36,
서울특별시 강남구 삼성동,105,105,0,래미안삼성1차(105),122.85,202103,27,"278,000",13,2005,영동대로114길 56,
서울특별시 강남구 삼성동,104-10,104,10,레미안삼성1차(104),84.98,202102,1,"225,000",8,2005,영동대로114길 56,
서울특별시 강남구 삼성동,11,11,0,롯데캐슬프레미어,84.465,202101,22,"255,000",18,2007,선릉로126길 22,
서울특별시 강남구 삼성동,107,107,0,미켈란107,83,202103,8,"170,000",7,2003,영동대로 602,
서울특별시 강남구 삼성동,147-2,147,2,미켈란147,83.69,202103,1,"155,000",10,2004,봉은사로 516,
서울특별시 강남구 삼성동,17,17,0,삼성동롯데아파트,91.77,202101,27,"217,000",4,2000,학동로 432,
서울특별시 강남구 삼성동,17,17,0,삼성동롯데아파트,59.4,202102,5,"162,500",19,2000,학동로 432,
서울특별시 강남구 삼성동,08월 02일,8,2,삼성동브라운스톤레전드,204.1,202101,13,"276,000",16,2009,선릉로 660,
서울특별시 강남구 삼성동,08월 02일,8,2,삼성동브라운스톤레전드,219.48,202101,23,"300,000",15,2009,선릉로 660,
서울특별시 강남구 삼성동,08월 02일,8,2,삼성동브라운스톤레전드,219.48,202103,5,"290,000",8,2009,선릉로 660,
서울특별시 강남구 삼성동,04월 06일,4,6,삼성동한솔아파트,109.51,202101,12,"196,000",10,1998,학동로64길 7,
서울특별시 강남구 삼성동,02월 16일,16,2,삼성동힐스테이트 1단지,84.503,202101,11,"222,500",1,2008,학동로68길 29,
서울특별시 강남구 삼성동,02월 16일,16,2,삼성동힐스테이트 1단지,84.236,202101,13,"235,000",4,2008,학동로68길 29,
서울특별시 강남구 삼성동,02월 16일,16,2,삼성동힐스테이트 1단지,84.236,202101,22,"242,000",7,2008,학동로68길 29,
서울특별시 강남구 삼성동,02월 16일,16,2,삼성동힐스테이트 1단지,84.503,202102,6,"235,000",14,2008,학동로68길 29,
서울특별시 강남구 삼성동,02월 16일,16,2,삼성동힐스테이트 1단지,31.402,202102,15,"118,500",21,2008,학동로68길 29,
서울특별시 강남구 삼성동,02월 16일,16,2,삼성동힐스테이트 1단지,84.236,202102,25,"258,000",14,2008,학동로68길 29,
서울특별시 강남구 삼성동,02월 16일,16,2,삼성동힐스테이트 1단지,84.236,202103,1,"240,000",5,2008,학동로68길 29,
서울특별시 강남구 삼성동,02월 16일,16,2,삼성동힐스테이트 1단지,31.402,202103,4,"119,000",18,2008,학동로68길 29,
서울특별시 강남구 삼성동,02월 16일,16,2,삼성동힐스테이트 1단지,84.236,202103,20,"259,000",13,2008,학동로68길 29,
서울특별시 강남구 삼성동,03월 01일,3,1,삼성월드타워,58.776,202101,19,"88,770",10,1997,학동로 408,
서울특별시 강남구 삼성동,03월 01일,3,1,삼성월드타워,58.776,202102,25,"82,360",2,1997,학동로 408,
서울특별시 강남구 삼성동,03월 01일,3,1,삼성월드타워,58.776,202102,25,"86,940",8,1997,학동로 408,
서울특별시 강남구 삼성동,03월 01일,3,1,삼성월드타워,84.202,202102,25,"120,620",4,1997,학동로 408,
서울특별시 강남구 삼성동,03월 01일,3,1,삼성월드타워,58.776,202102,26,"85,110",5,1997,학동로 408,
서울특별시 강남구 삼성동,03월 01일,3,1,삼성월드타워,58.776,202102,26,"84,190",4,1997,학동로 408,
서울특별시 강남구 삼성동,03월 01일,3,1,삼성월드타워,84.202,202102,26,"121,930",6,1997,학동로 408,
서울특별시 강남구 삼성동,03월 01일,3,1,삼성월드타워,84.202,202102,26,"127,170",9,1997,학동로 408,
서울특별시 강남구 삼성동,03월 01일,3,1,삼성월드타워,84.202,202103,2,"121,930",5,1997,학동로 408,
서울특별시 강남구 삼성동,03월 01일,3,1,삼성월드타워,84.202,202103,3,"117,990",2,1997,학동로 408,
서울특별시 강남구 삼성동,2,2,0,서광아파트,59.67,202101,15,"163,000",3,1998,선릉로130길 19,
서울특별시 강남구 삼성동,87,87,0,아이파크,145.046,202101,12,"500,000",33,2004,영동대로 640,
서울특별시 강남구 삼성동,87,87,0,아이파크,195.388,202101,15,"535,000",4,2004,영동대로 640,
서울특별시 강남구 삼성동,87,87,0,아이파크,167.72,202102,1,"510,000",40,2004,영동대로 640,
서울특별시 강남구 삼성동,87,87,0,아이파크,167.72,202102,16,"507,000",14,2004,영동대로 640,
서울특별시 강남구 삼성동,87,87,0,아이파크,145.046,202102,26,"490,000",32,2004,영동대로 640,
서울특별시 강남구 삼성동,109-21,109,21,엘에이치삼성도시형생활주택,27.75,202101,11,"38,200",7,2013,영동대로112길 46,
서울특별시 강남구 삼성동,109-21,109,21,엘에이치삼성도시형생활주택,41.19,202101,12,"56,700",9,2013,영동대로112길 46,
서울특별시 강남구 삼성동,109-21,109,21,엘에이치삼성도시형생활주택,27.75,202101,22,"38,200",6,2013,영동대로112길 46,
서울특별시 강남구 삼성동,109-21,109,21,엘에이치삼성도시형생활주택,27.75,202101,29,"37,050",2,2013,영동대로112길 46,
서울특별시 강남구 삼성동,109-21,109,21,엘에이치삼성도시형생활주택,27.75,202102,5,"38,200",7,2013,영동대로112길 46,
서울특별시 강남구 삼성동,109-21,109,21,엘에이치삼성도시형생활주택,27.75,202102,26,"37,050",2,2013,영동대로112길 46,
서울특별시 강남구 삼성동,109-21,109,21,엘에이치삼성도시형생활주택,27.75,202102,26,"38,200",6,2013,영동대로112길 46,
서울특별시 강남구 삼성동,109-21,109,21,엘에이치삼성도시형생활주택,27.75,202103,3,"37,800",5,2013,영동대로112길 46,
서울특별시 강남구 삼성동,91-16,91,16,월성빌라트,82.02,202101,8,"140,000",2,1994,영동대로114길 23,
서울특별시 강남구 삼성동,130,130,0,이안애빌,106.89,202101,11,"85,000",3,2004,봉은사로68길 65,
서울특별시 강남구 삼성동,Feb-53,53,2,진흥아파트,104.31,202101,30,"230,000",10,1984,학동로88길 5,
서울특별시 강남구 삼성동,Feb-53,53,2,진흥아파트,104.31,202103,3,"233,500",7,1984,학동로88길 5,
서울특별시 강남구 삼성동,144-14,144,14,채널리저브,84.97,202101,21,"155,000",7,2007,삼성로 517,
서울특별시 강남구 삼성동,144-14,144,14,채널리저브,84.97,202101,22,"165,000",12,2007,삼성로 517,
서울특별시 강남구 삼성동,50,50,0,현대힐스테이트 2단지,84.679,202101,21,"255,000",4,2008,삼성로111길 8,
서울특별시 강남구 삼성동,50,50,0,현대힐스테이트 2단지,84.236,202102,4,"260,000",19,2008,삼성로111길 8,
서울특별시 강남구 삼성동,50,50,0,현대힐스테이트 2단지,84.236,202102,4,"260,000",19,2008,삼성로111길 8,20210324
서울특별시 강남구 삼성동,79,79,0,홍실아파트,108.06,202101,6,"320,000",8,1981,영동대로128길 15,
서울특별시 강남구 삼성동,79,79,0,홍실아파트,96.32,202102,8,"258,000",7,1981,영동대로128길 15,
서울특별시 강남구 삼성동,79,79,0,홍실아파트,96.32,202102,18,"250,000",3,1981,영동대로128길 15,
서울특별시 강남구 세곡동,525,525,0,강남데시앙파크,84.95,202101,11,"140,000",10,2011,헌릉로590길 63,
서울특별시 강남구 세곡동,525,525,0,강남데시앙파크,84.95,202103,21,"132,000",5,2011,헌릉로590길 63,
서울특별시 강남구 세곡동,579,579,0,강남엘에이치1단지,59.86,202101,28,"140,000",10,2013,헌릉로571길 20,
서울특별시 강남구 세곡동,579,579,0,강남엘에이치1단지,59.86,202102,24,"144,000",12,2013,헌릉로571길 20,
서울특별시 강남구 세곡동,579,579,0,강남엘에이치1단지,59.89,202102,24,"131,000",5,2013,헌릉로571길 20,
서울특별시 강남구 세곡동,533,533,0,세곡푸르지오,84.83,202101,5,"157,000",3,2012,자곡로 21,
서울특별시 강남구 세곡동,533,533,0,세곡푸르지오,84.84,202101,6,"160,000",15,2012,자곡로 21,
서울특별시 강남구 세곡동,533,533,0,세곡푸르지오,59.89,202101,18,"135,000",3,2012,자곡로 21,
서울특별시 강남구 세곡동,533,533,0,세곡푸르지오,59.89,202102,23,"137,000",1,2012,자곡로 21,
서울특별시 강남구 세곡동,533,533,0,세곡푸르지오,84.84,202102,24,"170,000",13,2012,자곡로 21,
서울특별시 강남구 세곡동,533,533,0,세곡푸르지오,84.95,202103,5,"160,000",12,2012,자곡로 21,
서울특별시 강남구 세곡동,533,533,0,세곡푸르지오,74.74,202103,13,"155,000",8,2012,자곡로 21,
서울특별시 강남구 수서동,537,537,0,강남 더샵 포레스트,165.4312,202102,8,"385,000",4,2016,광평로34길 35,
서울특별시 강남구 수서동,559,559,0,강남데시앙포레,84.92,202101,18,"182,000",8,2014,광평로34길 55,
서울특별시 강남구 수서동,559,559,0,강남데시앙포레,114.15,202101,23,"216,000",11,2014,광평로34길 55,
서울특별시 강남구 수서동,559,559,0,강남데시앙포레,84.92,202101,23,"175,800",5,2014,광평로34길 55,
서울특별시 강남구 수서동,559,559,0,강남데시앙포레,101.81,202103,4,"227,000",11,2014,광평로34길 55,
서울특별시 강남구 수서동,559,559,0,강남데시앙포레,59.97,202103,6,"159,000",10,2014,광평로34길 55,
서울특별시 강남구 수서동,746,746,0,까치마을,34.44,202101,9,"91,000",9,1993,광평로19길 10,
서울특별시 강남구 수서동,746,746,0,까치마을,39.6,202101,9,"101,000",12,1993,광평로19길 10,
서울특별시 강남구 수서동,746,746,0,까치마을,39.6,202101,9,"93,000",2,1993,광평로19길 10,
서울특별시 강남구 수서동,746,746,0,까치마을,49.5,202101,13,"139,500",6,1993,광평로19길 10,20210202
서울특별시 강남구 수서동,746,746,0,까치마을,49.5,202101,13,"139,500",6,1993,광평로19길 10,
서울특별시 강남구 수서동,746,746,0,까치마을,49.5,202101,16,"133,200",11,1993,광평로19길 10,
서울특별시 강남구 수서동,746,746,0,까치마을,39.6,202101,26,"100,700",7,1993,광평로19길 10,
서울특별시 강남구 수서동,746,746,0,까치마을,34.44,202101,27,"95,500",5,1993,광평로19길 10,
서울특별시 강남구 수서동,746,746,0,까치마을,39.6,202101,28,"99,000",3,1993,광평로19길 10,
서울특별시 강남구 수서동,746,746,0,까치마을,39.6,202101,29,"100,800",3,1993,광평로19길 10,
서울특별시 강남구 수서동,746,746,0,까치마을,39.6,202101,31,"96,500",3,1993,광평로19길 10,
서울특별시 강남구 수서동,746,746,0,까치마을,49.5,202102,2,"137,000",5,1993,광평로19길 10,
서울특별시 강남구 수서동,746,746,0,까치마을,39.6,202102,4,"103,500",14,1993,광평로19길 10,
서울특별시 강남구 수서동,746,746,0,까치마을,39.6,202102,18,"99,500",2,1993,광평로19길 10,
서울특별시 강남구 수서동,746,746,0,까치마을,39.6,202102,25,"105,000",5,1993,광평로19길 10,
서울특별시 강남구 수서동,746,746,0,까치마을,39.6,202102,26,"100,000",7,1993,광평로19길 10,
서울특별시 강남구 수서동,746,746,0,까치마을,39.6,202103,3,"105,000",9,1993,광평로19길 10,
서울특별시 강남구 수서동,746,746,0,까치마을,39.6,202103,13,"102,500",14,1993,광평로19길 10,
서울특별시 강남구 수서동,746,746,0,까치마을,49.5,202103,15,"140,000",13,1993,광평로19길 10,
서울특별시 강남구 수서동,738,738,0,동익,84.46,202101,30,"168,000",13,1993,광평로39길 3,
서울특별시 강남구 수서동,747,747,0,삼성,84.97,202101,1,"176,000",8,1997,광평로31길 27,
서울특별시 강남구 수서동,747,747,0,삼성,59.86,202101,8,"153,000",9,1997,광평로31길 27,
서울특별시 강남구 수서동,747,747,0,삼성,84.97,202101,28,"169,100",3,1997,광평로31길 27,
서울특별시 강남구 수서동,747,747,0,삼성,84.97,202101,28,"159,289",1,1997,광평로31길 27,
서울특별시 강남구 수서동,747,747,0,삼성,84.97,202101,28,"165,000",2,1997,광평로31길 27,
서울특별시 강남구 수서동,747,747,0,삼성,84.97,202101,29,"179,000",2,1997,광평로31길 27,
서울특별시 강남구 수서동,747,747,0,삼성,84.97,202101,29,"186,500",13,1997,광평로31길 27,
서울특별시 강남구 수서동,747,747,0,삼성,84.97,202102,1,"189,500",8,1997,광평로31길 27,
서울특별시 강남구 수서동,747,747,0,삼성,84.97,202102,11,"190,000",14,1997,광평로31길 27,
서울특별시 강남구 수서동,747,747,0,삼성,84.97,202103,5,"174,000",1,1997,광평로31길 27,
서울특별시 강남구 수서동,747,747,0,삼성,84.97,202103,12,"180,100",11,1997,광평로31길 27,
서울특별시 강남구 수서동,708,708,0,삼익,60,202101,3,"129,000",2,1992,광평로51길 27,
서울특별시 강남구 수서동,708,708,0,삼익,49.2,202101,3,"113,500",1,1992,광평로51길 27,
서울특별시 강남구 수서동,708,708,0,삼익,60,202101,23,"133,000",13,1992,광평로51길 27,
서울특별시 강남구 수서동,708,708,0,삼익,49.2,202102,3,"120,000",10,1992,광평로51길 27,
서울특별시 강남구 수서동,708,708,0,삼익,84.48,202102,15,"166,000",14,1992,광평로51길 27,
서울특별시 강남구 수서동,708,708,0,삼익,60,202102,18,"134,000",12,1992,광평로51길 27,
서울특별시 강남구 수서동,708,708,0,삼익,49.2,202103,8,"119,000",3,1992,광평로51길 27,
서울특별시 강남구 수서동,708,708,0,삼익,60,202103,10,"135,000",4,1992,광평로51길 27,
서울특별시 강남구 수서동,736,736,0,신동아,33.18,202101,2,"86,000",11,1992,광평로47길 17,
서울특별시 강남구 수서동,736,736,0,신동아,33.18,202101,3,"92,500",13,1992,광평로47길 17,
서울특별시 강남구 수서동,736,736,0,신동아,49.96,202101,4,"120,000",8,1992,광평로47길 17,
서울특별시 강남구 수서동,736,736,0,신동아,49.96,202101,16,"111,000",14,1992,광평로47길 17,
서울특별시 강남구 수서동,736,736,0,신동아,49.96,202101,20,"119,000",8,1992,광평로47길 17,
서울특별시 강남구 수서동,736,736,0,신동아,33.18,202101,22,"93,000",10,1992,광평로47길 17,
서울특별시 강남구 수서동,736,736,0,신동아,39.51,202101,28,"111,700",10,1992,광평로47길 17,
서울특별시 강남구 수서동,736,736,0,신동아,49.96,202101,29,"117,500",11,1992,광평로47길 17,
서울특별시 강남구 수서동,736,736,0,신동아,39.53,202101,31,"109,000",14,1992,광평로47길 17,
서울특별시 강남구 수서동,736,736,0,신동아,39.53,202102,3,"109,000",12,1992,광평로47길 17,
서울특별시 강남구 수서동,736,736,0,신동아,39.53,202102,22,"110,500",4,1992,광평로47길 17,
서울특별시 강남구 수서동,736,736,0,신동아,33.18,202103,10,"91,000",9,1992,광평로47길 17,
서울특별시 강남구 수서동,736,736,0,신동아,39.51,202103,13,"104,000",4,1992,광평로47길 17,
서울특별시 강남구 수서동,736,736,0,신동아,33.18,202103,13,"87,000",7,1992,광평로47길 17,
서울특별시 강남구 신사동,635-14,635,14,금광아크존(635-14),45.35,202103,3,"53,300",4,2004,압구정로42길 36,
서울특별시 강남구 신사동,606-2,606,2,신사 아크존2,135.72,202102,20,"170,000",6,2005,압구정로34길 49,
서울특별시 강남구 신사동,622,622,0,신성아파트 101동,84.9,202103,24,"112,000",4,1996,언주로167길 15,
서울특별시 강남구 신사동,659,659,0,압구정대원칸타빌아파트,113.31,202102,3,"188,500",5,2001,압구정로48길 15,
서울특별시 강남구 신사동,622-1,622,1,압구정케이씨씨(622-1),107.75,202101,13,"210,000",14,2004,언주로167길 9,
서울특별시 강남구 압구정동,414,414,0,미성1차,180.56,202101,30,"430,000",4,1982,압구정로11길 17,
서울특별시 강남구 압구정동,414,414,0,미성1차,105.65,202103,11,"277,000",7,1982,압구정로11길 17,
서울특별시 강남구 압구정동,414,414,0,미성1차,153.35,202103,15,"420,000",7,1982,압구정로11길 17,
서울특별시 강남구 압구정동,397,397,0,미성2차,74.4,202101,9,"240,000",6,1987,압구정로 113,
서울특별시 강남구 압구정동,397,397,0,미성2차,140.9,202101,21,"346,000",5,1987,압구정로 113,
서울특별시 강남구 압구정동,397,397,0,미성2차,74.4,202102,1,"249,500",12,1987,압구정로 113,
서울특별시 강남구 압구정동,397,397,0,미성2차,140.9,202102,9,"305,000",15,1987,압구정로 113,
서울특별시 강남구 압구정동,397,397,0,미성2차,74.4,202102,23,"238,500",7,1987,압구정로 113,
서울특별시 강남구 압구정동,397,397,0,미성2차,74.4,202103,2,"242,200",16,1987,압구정로 113,
서울특별시 강남구 압구정동,433,433,0,신현대11차,183.41,202101,11,"500,000",5,1983,압구정로 151,
서울특별시 강남구 압구정동,433,433,0,신현대11차,183.41,202101,11,"500,000",5,1983,압구정로 151,20210317
서울특별시 강남구 압구정동,434,434,0,신현대12차,182.95,202101,16,"575,000",10,1982,압구정로 151,
서울특별시 강남구 압구정동,434,434,0,신현대12차,170.38,202102,2,"450,000",2,1982,압구정로 151,
서울특별시 강남구 압구정동,434,434,0,신현대12차,155.52,202102,20,"450,000",10,1982,압구정로 151,
서울특별시 강남구 압구정동,434,434,0,신현대12차,108.32,202102,23,"349,000",6,1982,압구정로 151,
서울특별시 강남구 압구정동,434,434,0,신현대12차,110.82,202103,23,"300,000",13,1982,압구정로 151,
서울특별시 강남구 압구정동,426,426,0,신현대9차,111.38,202101,6,"303,000",5,1982,압구정로 151,
서울특별시 강남구 압구정동,426,426,0,신현대9차,108.88,202101,20,"305,000",7,1982,압구정로 151,
서울특별시 강남구 압구정동,426,426,0,신현대9차,111.38,202102,18,"300,000",1,1982,압구정로 151,
서울특별시 강남구 압구정동,426,426,0,신현대9차,109.24,202102,25,"310,000",8,1982,압구정로 151,
서울특별시 강남구 압구정동,426,426,0,신현대9차,111.38,202103,25,"305,000",6,1982,압구정로 151,
서울특별시 강남구 압구정동,490,490,0,한양1차(영동한양),78.05,202101,8,"250,000",9,1977,압구정로 321,
서울특별시 강남구 압구정동,490,490,0,한양1차(영동한양),78.05,202101,12,"259,000",3,1977,압구정로 321,
서울특별시 강남구 압구정동,490,490,0,한양1차(영동한양),49.98,202101,22,"183,000",1,1977,압구정로 321,
서울특별시 강남구 압구정동,490,490,0,한양1차(영동한양),63.87,202101,30,"235,000",11,1977,압구정로 321,
서울특별시 강남구 압구정동,490,490,0,한양1차(영동한양),78.05,202101,30,"245,000",1,1977,압구정로 321,
서울특별시 강남구 압구정동,490,490,0,한양1차(영동한양),63.87,202102,3,"220,000",12,1977,압구정로 321,
서울특별시 강남구 압구정동,490,490,0,한양1차(영동한양),121.32,202102,4,"350,000",2,1977,압구정로 321,
서울특별시 강남구 압구정동,490,490,0,한양1차(영동한양),49.98,202102,5,"200,000",7,1977,압구정로 321,
서울특별시 강남구 압구정동,490,490,0,한양1차(영동한양),49.98,202102,21,"194,000",6,1977,압구정로 321,
서울특별시 강남구 압구정동,490,490,0,한양1차(영동한양),49.98,202102,25,"190,000",5,1977,압구정로 321,20210409
서울특별시 강남구 압구정동,490,490,0,한양1차(영동한양),49.98,202102,25,"190,000",5,1977,압구정로 321,
서울특별시 강남구 압구정동,490,490,0,한양1차(영동한양),49.98,202103,12,"210,000",6,1977,압구정로 321,
서울특별시 강남구 압구정동,493,493,0,한양2,147.41,202102,3,"390,000",4,1978,압구정로 347,
서울특별시 강남구 압구정동,493,493,0,한양2,147.41,202102,9,"395,000",2,1978,압구정로 347,
서울특별시 강남구 압구정동,493,493,0,한양2,147.41,202102,24,"425,000",11,1978,압구정로 347,
서울특별시 강남구 압구정동,493,493,0,한양2,147.41,202102,24,"425,000",11,1978,압구정로 347,20210413
서울특별시 강남구 압구정동,486,486,0,한양4,208.65,202101,25,"527,000",9,1978,압구정로 313,
서울특별시 강남구 압구정동,513,513,0,한양5,110.38,202101,11,"267,500",1,1979,압구정로 401,
서울특별시 강남구 압구정동,513,513,0,한양5,153.59,202102,3,"410,000",8,1979,압구정로 401,
서울특별시 강남구 압구정동,513,513,0,한양5,102.35,202102,9,"265,000",13,1979,압구정로 401,
서울특별시 강남구 압구정동,513,513,0,한양5,153.59,202102,10,"437,000",12,1979,압구정로 401,
서울특별시 강남구 압구정동,513,513,0,한양5,100.5,202102,26,"289,000",10,1979,압구정로 401,
서울특별시 강남구 압구정동,513,513,0,한양5,153.59,202103,17,"420,000",3,1979,압구정로 401,
서울특별시 강남구 압구정동,484,484,0,한양6,106.71,202102,2,"270,000",12,1980,압구정로 313,
서울특별시 강남구 압구정동,484,484,0,한양6,106.71,202102,3,"275,000",2,1980,압구정로 313,
서울특별시 강남구 압구정동,528,528,0,한양7,106.22,202101,15,"255,000",2,1981,압구정로61길 37,
서울특별시 강남구 압구정동,528,528,0,한양7,106.22,202102,10,"279,000",4,1981,압구정로61길 37,
서울특별시 강남구 압구정동,436,436,0,"현대10차(201,202동)",108.15,202101,2,"280,000",2,1982,압구정로29길 69,20210303
서울특별시 강남구 압구정동,436,436,0,"현대10차(201,202동)",108.15,202101,2,"280,000",2,1982,압구정로29길 69,
서울특별시 강남구 압구정동,436,436,0,"현대10차(201,202동)",108.15,202102,20,"319,000",3,1982,압구정로29길 69,
서울특별시 강남구 압구정동,448,448,0,현대13차(208~211동),108.47,202101,26,"310,000",2,1983,압구정로29길 23,
서울특별시 강남구 압구정동,447,447,0,"현대14차(203,204,205,206동)",84.98,202101,7,"289,000",4,1987,압구정로29길 57,
서울특별시 강남구 압구정동,447,447,0,"현대14차(203,204,205,206동)",84.98,202101,8,"289,000",5,1987,압구정로29길 57,
서울특별시 강남구 압구정동,447,447,0,"현대14차(203,204,205,206동)",84.98,202103,29,"300,000",4,1987,압구정로29길 57,
서울특별시 강남구 압구정동,369-1,369,1,"현대1차(12,13,21,22,31,32,33동)",196.21,202102,5,"515,000",3,1976,압구정로29길 71,
서울특별시 강남구 압구정동,369-1,369,1,"현대1차(12,13,21,22,31,32,33동)",196.21,202103,15,"630,000",10,1976,압구정로29길 71,
서울특별시 강남구 압구정동,369-1,369,1,"현대1차(12,13,21,22,31,32,33동)",131.48,202103,29,"365,000",4,1976,압구정로29길 71,
서울특별시 강남구 압구정동,369-1,369,1,"현대1차(12,13,21,22,31,32,33동)",196.21,202103,31,"640,000",11,1976,압구정로29길 71,
서울특별시 강남구 압구정동,369-1,369,1,"현대2차(10,11,20,23,24,25동)",198.41,202101,7,"527,000",5,1976,압구정로29길 71,
서울특별시 강남구 압구정동,369-1,369,1,"현대2차(10,11,20,23,24,25동)",162.94,202101,9,"410,000",1,1976,압구정로29길 71,
서울특별시 강남구 압구정동,369-1,369,1,"현대2차(10,11,20,23,24,25동)",196.84,202101,11,"550,000",6,1976,압구정로29길 71,
서울특별시 강남구 압구정동,369-1,369,1,"현대2차(10,11,20,23,24,25동)",196.84,202101,14,"539,000",15,1976,압구정로29길 71,
서울특별시 강남구 압구정동,369-1,369,1,"현대2차(10,11,20,23,24,25동)",198.41,202103,5,"630,000",7,1976,압구정로29길 71,
서울특별시 강남구 압구정동,443,443,0,현대3차(61~64동),82.5,202101,9,"260,000",8,1976,압구정로39길 58,
서울특별시 강남구 압구정동,443,443,0,현대3차(61~64동),82.5,202101,9,"225,000",2,1976,압구정로39길 58,
서울특별시 강남구 압구정동,443,443,0,현대3차(61~64동),82.5,202101,11,"270,000",10,1976,압구정로39길 58,
서울특별시 강남구 압구정동,443,443,0,현대3차(61~64동),82.5,202101,16,"270,000",10,1976,압구정로39길 58,
서울특별시 강남구 압구정동,443,443,0,현대3차(61~64동),82.5,202102,8,"282,000",12,1976,압구정로39길 58,
서울특별시 강남구 압구정동,462,462,0,현대4차저층(51~56동),117.91,202101,27,"397,000",1,1977,압구정로33길 70,
서울특별시 강남구 압구정동,462,462,0,현대4차저층(51~56동),117.91,202102,3,"403,000",3,1977,압구정로33길 70,
서울특별시 강남구 압구정동,455,455,0,"현대5차(71,72동)",82.23,202102,15,"288,000",1,1977,압구정로29길 68,
서울특별시 강남구 압구정동,456,456,0,"현대6차(78~81,83,84,86,87동)",144.2,202101,10,"391,000",7,1978,압구정로 201,
서울특별시 강남구 압구정동,456,456,0,"현대6차(78~81,83,84,86,87동)",144.2,202101,11,"410,000",7,1978,압구정로 201,
서울특별시 강남구 압구정동,456,456,0,"현대6차(78~81,83,84,86,87동)",196.7,202102,22,"545,000",6,1978,압구정로 201,
서울특별시 강남구 압구정동,456,456,0,"현대6차(78~81,83,84,86,87동)",144.7,202102,24,"420,000",2,1978,압구정로 201,
서울특별시 강남구 압구정동,456,456,0,"현대6차(78~81,83,84,86,87동)",144.7,202102,27,"429,000",4,1978,압구정로 201,
서울특별시 강남구 압구정동,456,456,0,"현대6차(78~81,83,84,86,87동)",196.7,202103,16,"620,000",9,1978,압구정로 201,
서울특별시 강남구 압구정동,456,456,0,"현대7차(73~77,82,85동)",196.7,202102,9,"545,000",7,1979,압구정로 201,
서울특별시 강남구 압구정동,456,456,0,"현대7차(73~77,82,85동)",157.36,202102,9,"500,000",11,1979,압구정로 201,
서울특별시 강남구 압구정동,481,481,0,현대8차(성수현대:91~95동),107.64,202101,6,"278,000",8,1980,압구정로 309,
서울특별시 강남구 압구정동,481,481,0,현대8차(성수현대:91~95동),163.67,202101,12,"370,000",2,1980,압구정로 309,
서울특별시 강남구 역삼동,755-4,755,4,e-편한세상,59.606,202101,29,"201,000",4,2005,선릉로69길 20,
서울특별시 강남구 역삼동,755-4,755,4,e-편한세상,59.606,202101,30,"208,000",4,2005,선릉로69길 20,
서울특별시 강남구 역삼동,755-4,755,4,e-편한세상,84.991,202101,31,"264,900",2,2005,선릉로69길 20,
서울특별시 강남구 역삼동,755-4,755,4,e-편한세상,59.606,202102,14,"206,500",22,2005,선릉로69길 20,
서울특별시 강남구 역삼동,755-4,755,4,e-편한세상,59.606,202103,20,"206,500",14,2005,선릉로69길 20,
서울특별시 강남구 역삼동,755-4,755,4,e-편한세상,59.606,202103,27,"200,000",5,2005,선릉로69길 20,
서울특별시 강남구 역삼동,796-29,796,29,강남서해더블루,66.04,202101,9,"91,000",10,2012,논현로63길 16,
서울특별시 강남구 역삼동,796-29,796,29,강남서해더블루,80.2,202101,13,"99,000",7,2012,논현로63길 16,
서울특별시 강남구 역삼동,796-29,796,29,강남서해더블루,80.2,202101,22,"110,000",6,2012,논현로63길 16,
서울특별시 강남구 역삼동,823-7,823,7,강남역우정에쉐르,17.23,202103,27,"19,200",11,2004,테헤란로10길 10,
서울특별시 강남구 역삼동,794-19,794,19,강남한솔,74.61,202101,18,"77,500",2,2006,도곡로19길 17,
서울특별시 강남구 역삼동,794-19,794,19,강남한솔,74.61,202101,18,"77,500",2,2006,도곡로19길 17,20210210
서울특별시 강남구 역삼동,783-3,783,3,갤러리하우스,84.95,202101,11,"80,000",1,2002,도곡로33길 16,
서울특별시 강남구 역삼동,783-3,783,3,갤러리하우스,71.66,202101,19,"66,000",1,2002,도곡로33길 16,
서울특별시 강남구 역삼동,783-3,783,3,갤러리하우스,84.95,202103,25,"73,000",1,2002,도곡로33길 16,
서울특별시 강남구 역삼동,835-67,835,67,금호어울림,133.77,202102,26,"196,000",7,2003,도곡로7길 22,
서울특별시 강남구 역삼동,727-2,727,2,대명벨리온,17.684,202103,30,"24,300",2,2012,역삼로25길 27,
서울특별시 강남구 역삼동,720-25,720,25,대우디오빌,30.03,202101,5,"31,000",4,2002,언주로 427,
서울특별시 강남구 역삼동,720-25,720,25,대우디오빌,59.505,202101,16,"80,000",19,2002,언주로 427,
서울특별시 강남구 역삼동,720-25,720,25,대우디오빌,39.13,202101,16,"38,500",9,2002,언주로 427,
서울특별시 강남구 역삼동,720-25,720,25,대우디오빌,30.03,202101,21,"34,800",18,2002,언주로 427,
서울특별시 강남구 역삼동,720-25,720,25,대우디오빌,59.505,202103,4,"80,000",22,2002,언주로 427,
서울특별시 강남구 역삼동,720-25,720,25,대우디오빌,30.03,202103,29,"30,000",15,2002,언주로 427,
서울특별시 강남구 역삼동,824-25,824,25,대우디오빌플러스,43.99,202101,21,"43,500",11,2004,강남대로84길 33,
서울특별시 강남구 역삼동,824-25,824,25,대우디오빌플러스,43.99,202102,26,"43,000",7,2004,강남대로84길 33,
서울특별시 강남구 역삼동,824-25,824,25,대우디오빌플러스,43.99,202103,12,"44,500",11,2004,강남대로84길 33,
서울특별시 강남구 역삼동,716,716,0,동부센트레빌,59.97,202101,20,"172,000",17,1998,선릉로 423,
서울특별시 강남구 역삼동,762-3,762,3,래미안그레이튼(진달래2차),59.78,202101,27,"208,000",23,2010,도곡로43길 21,
서울특별시 강남구 역삼동,762-3,762,3,래미안그레이튼(진달래2차),59.91,202102,23,"190,000",13,2010,도곡로43길 21,
서울특별시 강남구 역삼동,644-6,644,6,로얄빌리지,83.12,202101,22,"117,000",4,2002,테헤란로21길 18,
서울특별시 강남구 역삼동,835-68,835,68,롯데캐슬노블,176.03,202103,10,"205,000",6,2007,도곡로13길 19,
서울특별시 강남구 역삼동,787-4,787,4,리츠빌,93.22,202103,19,"86,500",3,2003,논현로64길 28,
서울특별시 강남구 역삼동,713-11,713,11,역삼 I'PARK,28.246,202101,12,"85,800",10,2006,역삼로 307,
서울특별시 강남구 역삼동,713-11,713,11,역삼 I'PARK,144.011,202101,30,"323,000",21,2006,역삼로 307,
서울특별시 강남구 역삼동,713-11,713,11,역삼 I'PARK,144.431,202102,2,"308,000",15,2006,역삼로 307,
서울특별시 강남구 역삼동,713-11,713,11,역삼 I'PARK,28.246,202102,6,"85,800",8,2006,역삼로 307,
서울특별시 강남구 역삼동,713-11,713,11,역삼 I'PARK,28.246,202102,8,"80,000",2,2006,역삼로 307,
서울특별시 강남구 역삼동,713-11,713,11,역삼 I'PARK,144.011,202102,17,"319,500",15,2006,역삼로 307,
서울특별시 강남구 역삼동,713-11,713,11,역삼 I'PARK,28.246,202103,11,"80,000",1,2006,역삼로 307,
서울특별시 강남구 역삼동,713-11,713,11,역삼 I'PARK,144.641,202103,18,"290,000",1,2006,역삼로 307,
서울특별시 강남구 역삼동,826-29,826,29,역삼동우정에쉐르1,71.78,202103,31,"80,000",2,2004,테헤란로4길 32,
서울특별시 강남구 역삼동,681-26,681,26,역삼동하나빌,52.31,202101,25,"67,700",13,2002,봉은사로 312,
서울특별시 강남구 역삼동,832-5,832,5,역삼디오슈페리움,46.9,202101,11,"90,000",16,2006,강남대로 324,
서울특별시 강남구 역삼동,832-5,832,5,역삼디오슈페리움,84.34,202102,22,"126,000",16,2006,강남대로 324,
서울특별시 강남구 역삼동,757,757,0,역삼래미안,59.73,202101,7,"198,000",14,2005,선릉로69길 19,
서울특별시 강남구 역삼동,757,757,0,역삼래미안,59.4,202101,7,"193,800",16,2005,선릉로69길 19,
서울특별시 강남구 역삼동,757,757,0,역삼래미안,59.53,202101,14,"198,000",8,2005,선릉로69길 19,
서울특별시 강남구 역삼동,757,757,0,역삼래미안,59.4,202101,20,"200,000",14,2005,선릉로69길 19,
서울특별시 강남구 역삼동,757,757,0,역삼래미안,59.4,202101,30,"198,000",13,2005,선릉로69길 19,20210225
서울특별시 강남구 역삼동,757,757,0,역삼래미안,59.4,202101,30,"198,000",13,2005,선릉로69길 19,
서울특별시 강남구 역삼동,757,757,0,역삼래미안,59.73,202102,9,"199,500",20,2005,선릉로69길 19,
서울특별시 강남구 역삼동,757,757,0,역삼래미안,80.87,202103,6,"247,000",3,2005,선릉로69길 19,
서울특별시 강남구 역삼동,836-35,836,35,역삼열성카이스빌,100.8,202103,1,"120,000",1,2002,도곡로7길 23,
서울특별시 강남구 역삼동,707-18,707,18,역삼우정에쉐르2,50.72,202103,2,"65,000",6,2004,테헤란로48길 10,
서울특별시 강남구 역삼동,711-3,711,3,역삼자이,114.019,202101,16,"291,000",12,2016,언주로 420,
서울특별시 강남구 역삼동,754-1,754,1,역삼푸르지오,84.9097,202101,11,"255,000",7,2006,언주로 332,
서울특별시 강남구 역삼동,754-1,754,1,역삼푸르지오,59.8848,202101,26,"205,000",24,2006,언주로 332,
서울특별시 강남구 역삼동,754-1,754,1,역삼푸르지오,59.8848,202102,10,"203,000",12,2006,언주로 332,
서울특별시 강남구 역삼동,754-1,754,1,역삼푸르지오,84.9097,202102,16,"260,000",9,2006,언주로 332,
서울특별시 강남구 역삼동,706-10,706,10,우림루미아트2,24,202102,26,"19,200",6,2003,언주로90길 4,
서울특별시 강남구 역삼동,708-31,708,31,우정에쉐르멤버스,36.37,202102,20,"53,000",12,2004,선릉로87길 14,
서울특별시 강남구 역삼동,708-31,708,31,우정에쉐르멤버스,36.19,202103,8,"50,300",7,2004,선릉로87길 14,
서울특별시 강남구 역삼동,735-15,735,15,이스턴오피스텔,15.25,202101,29,"19,000",15,2014,테헤란로14길 13,
서울특별시 강남구 역삼동,735-15,735,15,이스턴오피스텔,14.78,202103,12,"18,000",10,2014,테헤란로14길 13,
서울특별시 강남구 역삼동,709-5,709,5,테헤란아이파크,92.6232,202101,30,"258,000",2,2014,테헤란로52길 16,
서울특별시 강남구 역삼동,766-8,766,8,트레벨,33.48,202101,6,"61,000",3,2002,도곡로57길 9-7,
서울특별시 강남구 역삼동,766-8,766,8,트레벨,33.48,202103,17,"59,000",5,2002,도곡로57길 9-7,
서울특별시 강남구 역삼동,636,636,0,프리우스 역삼 102동,84.18,202102,5,"115,000",3,2006,테헤란로13길 31-7,
서울특별시 강남구 역삼동,836,836,0,한스빌(836),39.89,202103,2,"39,800",9,1996,도곡로3길 26,
서울특별시 강남구 역삼동,836,836,0,한스빌(836),39.89,202103,8,"40,000",5,1996,도곡로3길 26,
서울특별시 강남구 역삼동,628-1,628,1,한양럭스,72.62,202102,26,"69,000",1,2003,테헤란로25길 58,
서울특별시 강남구 역삼동,706-20,706,20,한화진넥스빌,39.2,202102,25,"37,000",9,2001,언주로86길 11,
서울특별시 강남구 역삼동,706-20,706,20,한화진넥스빌,34.82,202103,4,"32,300",14,2001,언주로86길 11,
서울특별시 강남구 역삼동,706-20,706,20,한화진넥스빌,39.2,202103,15,"38,500",18,2001,언주로86길 11,
서울특별시 강남구 역삼동,606-18,606,18,현대휴먼터치빌,25.92,202101,15,"24,000",6,1999,논현로 565,
서울특별시 강남구 일원동,735,735,0,가람,84.95,202101,9,"225,000",4,1993,일원로 127,
서울특별시 강남구 일원동,735,735,0,가람,84.95,202102,3,"220,000",2,1993,일원로 127,
서울특별시 강남구 일원동,690-1,690,1,디에이치 포레센트,101.94,202101,24,"318,000",11,2021,개포로110길 38,
서울특별시 강남구 일원동,690-1,690,1,디에이치 포레센트,84.94,202103,8,"250,000",5,2021,개포로110길 38,
서울특별시 강남구 일원동,741,741,0,래미안 개포 루체하임,71.68,202101,13,"240,000",24,2018,개포로110길 50,20210324
서울특별시 강남구 일원동,741,741,0,래미안 개포 루체하임,71.68,202101,13,"240,000",24,2018,개포로110길 50,
서울특별시 강남구 일원동,741,741,0,래미안 개포 루체하임,84.97,202101,29,"265,000",17,2018,개포로110길 50,
서울특별시 강남구 일원동,741,741,0,래미안 개포 루체하임,84.97,202102,9,"274,500",15,2018,개포로110길 50,
서울특별시 강남구 일원동,741,741,0,래미안 개포 루체하임,71.68,202102,11,"245,000",11,2018,개포로110길 50,
서울특별시 강남구 일원동,716,716,0,목련타운,99.79,202101,4,"220,000",7,1993,광평로19길 15,
서울특별시 강남구 일원동,716,716,0,목련타운,134.71,202101,14,"220,000",15,1993,광평로19길 15,
서울특별시 강남구 일원동,734,734,0,상록수,74.54,202101,3,"195,000",3,1993,광평로10길 15,
서울특별시 강남구 일원동,734,734,0,상록수,74.54,202103,31,"196,500",4,1993,광평로10길 15,
서울특별시 강남구 일원동,718,718,0,샘터마을,134.438,202101,26,"250,000",6,1994,일원로 120,
서울특별시 강남구 일원동,615,615,0,우성7,83.69,202101,9,"206,000",5,1987,개포로110길 15,
서울특별시 강남구 일원동,615,615,0,우성7,68.4,202101,16,"190,000",1,1987,개포로110길 15,
서울특별시 강남구 일원동,615,615,0,우성7,84.06,202102,22,"210,000",2,1987,개포로110길 15,
서울특별시 강남구 일원동,719,719,0,푸른마을 아파트 101동~111동,59.76,202101,21,"150,000",9,1994,일원로14길 25,
서울특별시 강남구 일원동,719,719,0,푸른마을 아파트 101동~111동,84.93,202101,23,"185,000",14,1994,일원로14길 25,
서울특별시 강남구 일원동,719,719,0,푸른마을 아파트 101동~111동,59.76,202102,6,"143,000",1,1994,일원로14길 25,
서울특별시 강남구 일원동,719,719,0,푸른마을 아파트 101동~111동,84.93,202102,6,"186,000",13,1994,일원로14길 25,
서울특별시 강남구 일원동,719,719,0,푸른마을 아파트 101동~111동,59.76,202103,20,"148,700",6,1994,일원로14길 25,
서울특별시 강남구 일원동,731,731,0,한솔마을,63.76,202101,30,"170,000",2,1994,광평로10길 6,
서울특별시 강남구 일원동,731,731,0,한솔마을,84.73,202101,30,"211,000",4,1994,광평로10길 6,
서울특별시 강남구 자곡동,BL-4,4,0,강남한양수자인(4단지),114.32,202101,12,"183,000",6,2014,자곡로 260,
서울특별시 강남구 자곡동,BL-4,4,0,강남한양수자인(4단지),114.32,202101,23,"180,000",2,2014,자곡로 260,
서울특별시 강남구 자곡동,BL-4,4,0,강남한양수자인(4단지),84.99,202102,17,"168,000",6,2014,자곡로 260,
서울특별시 강남구 자곡동,BL-4,4,0,강남한양수자인(4단지),59.97,202102,20,"149,500",8,2014,자곡로 260,
서울특별시 강남구 자곡동,BL-4,4,0,강남한양수자인(4단지),59.97,202102,23,"148,000",3,2014,자곡로 260,
서울특별시 강남구 자곡동,BL-4,4,0,강남한양수자인(4단지),114.46,202102,24,"187,000",3,2014,자곡로 260,
서울특별시 강남구 자곡동,BL-4,4,0,강남한양수자인(4단지),114.32,202103,7,"178,000",9,2014,자곡로 260,
서울특별시 강남구 자곡동,611,611,0,래미안강남힐즈,91.96,202101,25,"175,000",2,2014,자곡로 101,
서울특별시 강남구 자곡동,611,611,0,래미안강남힐즈,101.94,202102,15,"205,000",6,2014,자곡로 101,
서울특별시 강남구 자곡동,null,0,0,래미안포레,101.51,202101,13,"180,000",9,2014,밤고개로21길 25,
서울특별시 강남구 자곡동,null,0,0,래미안포레,101.51,202101,23,"183,000",8,2014,밤고개로21길 25,20210217
서울특별시 강남구 자곡동,null,0,0,래미안포레,101.51,202101,23,"183,000",8,2014,밤고개로21길 25,
서울특별시 강남구 자곡동,602,602,0,엘에이치강남아이파크,59.96,202101,2,"140,000",5,2014,자곡로 175,
서울특별시 강남구 자곡동,602,602,0,엘에이치강남아이파크,84.83,202101,4,"95,950",12,2014,자곡로 175,
서울특별시 강남구 자곡동,602,602,0,엘에이치강남아이파크,59.96,202101,4,"72,650",2,2014,자곡로 175,
서울특별시 강남구 자곡동,602,602,0,엘에이치강남아이파크,59.96,202101,5,"74,400",7,2014,자곡로 175,
서울특별시 강남구 자곡동,602,602,0,엘에이치강남아이파크,84.92,202101,6,"98,750",14,2014,자곡로 175,
서울특별시 강남구 자곡동,602,602,0,엘에이치강남아이파크,74.97,202101,6,"85,150",7,2014,자곡로 175,
서울특별시 강남구 자곡동,602,602,0,엘에이치강남아이파크,84.92,202101,8,"99,350",11,2014,자곡로 175,
서울특별시 강남구 자곡동,602,602,0,엘에이치강남아이파크,74.97,202101,13,"84,250",4,2014,자곡로 175,
서울특별시 강남구 자곡동,602,602,0,엘에이치강남아이파크,74.89,202101,13,"85,100",8,2014,자곡로 175,
서울특별시 강남구 자곡동,602,602,0,엘에이치강남아이파크,74.89,202101,15,"160,000",10,2014,자곡로 175,
서울특별시 강남구 자곡동,602,602,0,엘에이치강남아이파크,84.92,202101,15,"94,050",3,2014,자곡로 175,
서울특별시 강남구 자곡동,602,602,0,엘에이치강남아이파크,59.96,202101,17,"140,000",7,2014,자곡로 175,
서울특별시 강남구 자곡동,602,602,0,엘에이치강남아이파크,59.96,202101,18,"73,250",2,2014,자곡로 175,
서울특별시 강남구 자곡동,602,602,0,엘에이치강남아이파크,84.83,202101,18,"95,850",10,2014,자곡로 175,
서울특별시 강남구 자곡동,602,602,0,엘에이치강남아이파크,74.97,202101,19,"160,000",14,2014,자곡로 175,
서울특별시 강남구 자곡동,602,602,0,엘에이치강남아이파크,74.97,202101,19,"88,250",14,2014,자곡로 175,
서울특별시 강남구 자곡동,602,602,0,엘에이치강남아이파크,74.97,202101,19,"86,950",12,2014,자곡로 175,
서울특별시 강남구 자곡동,602,602,0,엘에이치강남아이파크,84.92,202101,19,"94,100",2,2014,자곡로 175,
서울특별시 강남구 자곡동,602,602,0,엘에이치강남아이파크,74.97,202101,20,"87,550",10,2014,자곡로 175,
서울특별시 강남구 자곡동,602,602,0,엘에이치강남아이파크,74.97,202101,20,"166,000",9,2014,자곡로 175,
서울특별시 강남구 자곡동,602,602,0,엘에이치강남아이파크,84.92,202101,20,"179,500",3,2014,자곡로 175,
서울특별시 강남구 자곡동,602,602,0,엘에이치강남아이파크,74.97,202101,20,"87,300",9,2014,자곡로 175,
서울특별시 강남구 자곡동,602,602,0,엘에이치강남아이파크,74.89,202101,20,"86,250",12,2014,자곡로 175,
서울특별시 강남구 자곡동,602,602,0,엘에이치강남아이파크,74.97,202101,22,"84,550",5,2014,자곡로 175,
서울특별시 강남구 자곡동,602,602,0,엘에이치강남아이파크,59.96,202101,22,"73,250",5,2014,자곡로 175,
서울특별시 강남구 자곡동,602,602,0,엘에이치강남아이파크,74.97,202101,23,"160,000",9,2014,자곡로 175,
서울특별시 강남구 자곡동,602,602,0,엘에이치강남아이파크,74.89,202101,23,"163,000",12,2014,자곡로 175,
서울특별시 강남구 자곡동,602,602,0,엘에이치강남아이파크,74.89,202101,25,"85,700",10,2014,자곡로 175,
서울특별시 강남구 자곡동,602,602,0,엘에이치강남아이파크,74.89,202101,26,"84,150",6,2014,자곡로 175,
서울특별시 강남구 자곡동,602,602,0,엘에이치강남아이파크,59.96,202101,26,"72,700",2,2014,자곡로 175,
서울특별시 강남구 자곡동,602,602,0,엘에이치강남아이파크,59.96,202101,26,"74,000",6,2014,자곡로 175,
서울특별시 강남구 자곡동,602,602,0,엘에이치강남아이파크,59.96,202101,27,"72,900",3,2014,자곡로 175,
서울특별시 강남구 자곡동,602,602,0,엘에이치강남아이파크,74.97,202101,27,"87,800",10,2014,자곡로 175,
서울특별시 강남구 자곡동,602,602,0,엘에이치강남아이파크,84.92,202101,28,"174,000",3,2014,자곡로 175,
서울특별시 강남구 자곡동,602,602,0,엘에이치강남아이파크,74.89,202101,29,"84,000",6,2014,자곡로 175,
서울특별시 강남구 자곡동,602,602,0,엘에이치강남아이파크,84.92,202101,29,"98,550",15,2014,자곡로 175,
서울특별시 강남구 자곡동,602,602,0,엘에이치강남아이파크,74.97,202101,29,"84,150",3,2014,자곡로 175,
서울특별시 강남구 자곡동,602,602,0,엘에이치강남아이파크,74.97,202102,1,"87,400",9,2014,자곡로 175,
서울특별시 강남구 자곡동,602,602,0,엘에이치강남아이파크,84.83,202102,2,"96,600",12,2014,자곡로 175,
서울특별시 강남구 자곡동,602,602,0,엘에이치강남아이파크,59.96,202102,2,"77,050",13,2014,자곡로 175,
서울특별시 강남구 자곡동,602,602,0,엘에이치강남아이파크,59.96,202102,3,"74,700",7,2014,자곡로 175,
서울특별시 강남구 자곡동,602,602,0,엘에이치강남아이파크,74.89,202102,3,"81,850",2,2014,자곡로 175,
서울특별시 강남구 자곡동,602,602,0,엘에이치강남아이파크,74.97,202102,3,"87,650",10,2014,자곡로 175,
서울특별시 강남구 자곡동,602,602,0,엘에이치강남아이파크,84.92,202102,5,"98,750",14,2014,자곡로 175,
서울특별시 강남구 자곡동,602,602,0,엘에이치강남아이파크,74.97,202102,5,"87,400",14,2014,자곡로 175,
서울특별시 강남구 자곡동,602,602,0,엘에이치강남아이파크,59.96,202102,5,"73,100",3,2014,자곡로 175,
서울특별시 강남구 자곡동,602,602,0,엘에이치강남아이파크,74.89,202102,5,"85,550",9,2014,자곡로 175,
서울특별시 강남구 자곡동,602,602,0,엘에이치강남아이파크,74.97,202102,5,"86,950",10,2014,자곡로 175,
서울특별시 강남구 자곡동,602,602,0,엘에이치강남아이파크,74.89,202102,7,"165,000",5,2014,자곡로 175,
서울특별시 강남구 자곡동,602,602,0,엘에이치강남아이파크,59.96,202102,8,"74,050",5,2014,자곡로 175,
서울특별시 강남구 자곡동,602,602,0,엘에이치강남아이파크,74.97,202102,9,"87,100",9,2014,자곡로 175,
서울특별시 강남구 자곡동,602,602,0,엘에이치강남아이파크,84.92,202102,9,"93,750",2,2014,자곡로 175,
서울특별시 강남구 자곡동,602,602,0,엘에이치강남아이파크,59.96,202102,9,"72,750",1,2014,자곡로 175,
서울특별시 강남구 자곡동,602,602,0,엘에이치강남아이파크,84.96,202102,10,"95,650",4,2014,자곡로 175,
서울특별시 강남구 자곡동,602,602,0,엘에이치강남아이파크,84.92,202102,10,"95,450",5,2014,자곡로 175,
서울특별시 강남구 자곡동,602,602,0,엘에이치강남아이파크,74.97,202102,10,"84,650",5,2014,자곡로 175,
서울특별시 강남구 자곡동,602,602,0,엘에이치강남아이파크,74.97,202102,17,"87,300",15,2014,자곡로 175,
서울특별시 강남구 자곡동,602,602,0,엘에이치강남아이파크,59.96,202102,18,"139,000",1,2014,자곡로 175,
서울특별시 강남구 자곡동,602,602,0,엘에이치강남아이파크,74.97,202102,19,"82,450",1,2014,자곡로 175,
서울특별시 강남구 자곡동,602,602,0,엘에이치강남아이파크,59.96,202102,19,"74,400",6,2014,자곡로 175,
서울특별시 강남구 자곡동,602,602,0,엘에이치강남아이파크,59.96,202102,19,"75,700",10,2014,자곡로 175,
서울특별시 강남구 자곡동,602,602,0,엘에이치강남아이파크,84.92,202102,22,"95,450",5,2014,자곡로 175,
서울특별시 강남구 자곡동,602,602,0,엘에이치강남아이파크,74.97,202102,22,"86,150",7,2014,자곡로 175,
서울특별시 강남구 자곡동,602,602,0,엘에이치강남아이파크,74.89,202102,22,"83,050",4,2014,자곡로 175,
서울특별시 강남구 자곡동,602,602,0,엘에이치강남아이파크,59.96,202102,22,"73,850",5,2014,자곡로 175,
서울특별시 강남구 자곡동,602,602,0,엘에이치강남아이파크,74.97,202102,23,"87,500",11,2014,자곡로 175,
서울특별시 강남구 자곡동,602,602,0,엘에이치강남아이파크,74.97,202102,23,"83,700",3,2014,자곡로 175,
서울특별시 강남구 자곡동,602,602,0,엘에이치강남아이파크,74.89,202102,23,"169,000",13,2014,자곡로 175,
서울특별시 강남구 자곡동,602,602,0,엘에이치강남아이파크,74.97,202102,24,"84,150",5,2014,자곡로 175,
서울특별시 강남구 자곡동,602,602,0,엘에이치강남아이파크,74.97,202102,24,"85,150",6,2014,자곡로 175,
서울특별시 강남구 자곡동,602,602,0,엘에이치강남아이파크,74.97,202102,24,"82,650",1,2014,자곡로 175,
서울특별시 강남구 자곡동,602,602,0,엘에이치강남아이파크,59.96,202102,24,"72,400",3,2014,자곡로 175,
서울특별시 강남구 자곡동,602,602,0,엘에이치강남아이파크,59.96,202102,26,"73,700",3,2014,자곡로 175,
서울특별시 강남구 자곡동,602,602,0,엘에이치강남아이파크,74.89,202102,26,"84,650",7,2014,자곡로 175,
서울특별시 강남구 자곡동,602,602,0,엘에이치강남아이파크,74.97,202102,26,"84,250",6,2014,자곡로 175,
서울특별시 강남구 자곡동,602,602,0,엘에이치강남아이파크,59.96,202102,26,"74,250",7,2014,자곡로 175,
서울특별시 강남구 자곡동,602,602,0,엘에이치강남아이파크,74.89,202102,26,"83,450",5,2014,자곡로 175,
서울특별시 강남구 자곡동,602,602,0,엘에이치강남아이파크,59.96,202102,27,"149,000",4,2014,자곡로 175,20210420
서울특별시 강남구 자곡동,602,602,0,엘에이치강남아이파크,74.97,202103,2,"82,750",2,2014,자곡로 175,
서울특별시 강남구 자곡동,602,602,0,엘에이치강남아이파크,59.96,202103,2,"73,700",3,2014,자곡로 175,
서울특별시 강남구 자곡동,602,602,0,엘에이치강남아이파크,84.96,202103,2,"97,250",7,2014,자곡로 175,
서울특별시 강남구 자곡동,602,602,0,엘에이치강남아이파크,74.97,202103,2,"87,750",14,2014,자곡로 175,
서울특별시 강남구 자곡동,602,602,0,엘에이치강남아이파크,74.97,202103,3,"85,950",8,2014,자곡로 175,
서울특별시 강남구 자곡동,602,602,0,엘에이치강남아이파크,84.83,202103,3,"91,500",2,2014,자곡로 175,
서울특별시 강남구 자곡동,602,602,0,엘에이치강남아이파크,74.97,202103,3,"86,950",15,2014,자곡로 175,
서울특별시 강남구 자곡동,602,602,0,엘에이치강남아이파크,59.96,202103,5,"71,400",1,2014,자곡로 175,
서울특별시 강남구 자곡동,602,602,0,엘에이치강남아이파크,74.97,202103,7,"170,000",14,2014,자곡로 175,
서울특별시 강남구 자곡동,602,602,0,엘에이치강남아이파크,59.96,202103,8,"71,500",1,2014,자곡로 175,
서울특별시 강남구 자곡동,602,602,0,엘에이치강남아이파크,84.92,202103,8,"97,750",8,2014,자곡로 175,
서울특별시 강남구 자곡동,602,602,0,엘에이치강남아이파크,59.96,202103,8,"76,900",15,2014,자곡로 175,
서울특별시 강남구 자곡동,602,602,0,엘에이치강남아이파크,74.89,202103,9,"86,450",11,2014,자곡로 175,
서울특별시 강남구 자곡동,602,602,0,엘에이치강남아이파크,59.96,202103,9,"75,950",9,2014,자곡로 175,
서울특별시 강남구 자곡동,602,602,0,엘에이치강남아이파크,84.92,202103,9,"98,350",10,2014,자곡로 175,
서울특별시 강남구 자곡동,602,602,0,엘에이치강남아이파크,84.92,202103,9,"93,150",1,2014,자곡로 175,
서울특별시 강남구 자곡동,602,602,0,엘에이치강남아이파크,84.96,202103,10,"170,000",4,2014,자곡로 175,
서울특별시 강남구 자곡동,602,602,0,엘에이치강남아이파크,74.97,202103,10,"82,050",1,2014,자곡로 175,
서울특별시 강남구 자곡동,602,602,0,엘에이치강남아이파크,74.97,202103,12,"87,500",11,2014,자곡로 175,
서울특별시 강남구 자곡동,602,602,0,엘에이치강남아이파크,74.97,202103,12,"86,950",11,2014,자곡로 175,
서울특별시 강남구 자곡동,602,602,0,엘에이치강남아이파크,59.96,202103,12,"75,200",8,2014,자곡로 175,
서울특별시 강남구 자곡동,602,602,0,엘에이치강남아이파크,84.96,202103,15,"93,900",1,2014,자곡로 175,
서울특별시 강남구 자곡동,602,602,0,엘에이치강남아이파크,59.96,202103,15,"73,250",3,2014,자곡로 175,
서울특별시 강남구 자곡동,602,602,0,엘에이치강남아이파크,59.96,202103,15,"75,000",9,2014,자곡로 175,
서울특별시 강남구 자곡동,602,602,0,엘에이치강남아이파크,59.96,202103,15,"71,800",1,2014,자곡로 175,
서울특별시 강남구 자곡동,602,602,0,엘에이치강남아이파크,84.96,202103,16,"96,750",6,2014,자곡로 175,
서울특별시 강남구 자곡동,602,602,0,엘에이치강남아이파크,59.96,202103,16,"73,700",5,2014,자곡로 175,
서울특별시 강남구 자곡동,602,602,0,엘에이치강남아이파크,59.96,202103,16,"74,850",7,2014,자곡로 175,
서울특별시 강남구 자곡동,602,602,0,엘에이치강남아이파크,59.96,202103,17,"76,950",11,2014,자곡로 175,
서울특별시 강남구 자곡동,602,602,0,엘에이치강남아이파크,84.92,202103,19,"93,950",1,2014,자곡로 175,
서울특별시 강남구 자곡동,602,602,0,엘에이치강남아이파크,74.97,202103,22,"88,150",13,2014,자곡로 175,
서울특별시 강남구 자곡동,602,602,0,엘에이치강남아이파크,74.97,202103,22,"83,950",4,2014,자곡로 175,
서울특별시 강남구 자곡동,602,602,0,엘에이치강남아이파크,74.97,202103,23,"87,050",13,2014,자곡로 175,
서울특별시 강남구 자곡동,602,602,0,엘에이치강남아이파크,59.96,202103,24,"75,300",8,2014,자곡로 175,
서울특별시 강남구 자곡동,602,602,0,엘에이치강남아이파크,74.97,202103,24,"83,500",3,2014,자곡로 175,
서울특별시 강남구 자곡동,602,602,0,엘에이치강남아이파크,74.97,202103,26,"84,400",3,2014,자곡로 175,
서울특별시 강남구 자곡동,602,602,0,엘에이치강남아이파크,59.96,202103,26,"72,450",2,2014,자곡로 175,
서울특별시 강남구 자곡동,602,602,0,엘에이치강남아이파크,74.97,202103,29,"85,500",5,2014,자곡로 175,
서울특별시 강남구 자곡동,602,602,0,엘에이치강남아이파크,84.83,202103,31,"96,750",13,2014,자곡로 175,
서울특별시 강남구 자곡동,602,602,0,엘에이치강남아이파크,74.89,202103,31,"83,850",6,2014,자곡로 175,
서울특별시 강남구 자곡동,602,602,0,엘에이치강남아이파크,74.97,202103,31,"82,950",3,2014,자곡로 175,
서울특별시 강남구 청담동,128-1,128,1,구산,59.4,202101,12,"112,500",2,1993,도산대로101길 34,
서울특별시 강남구 청담동,116-5,116,5,대우로얄카운티2,241.24,202103,29,"299,000",5,2002,도산대로81길 26,
서울특별시 강남구 청담동,117-22,117,22,대우리츠카운티,211.72,202101,19,"315,000",3,2001,도산대로83길 35,
서울특별시 강남구 청담동,May-50,50,5,대우유로카운티,155.37,202102,1,"265,000",11,2004,도산대로92길 10,
서울특별시 강남구 청담동,129,129,0,더펜트하우스청담,273.96,202103,4,"1,150,000",14,2020,압구정로79길 88,
서울특별시 강남구 청담동,Dec-76,76,12,라테라스 청담,40.09,202102,1,"74,000",9,2018,학동로81길 9,
서울특별시 강남구 청담동,125,125,0,범신칼릭스빌,84.78,202102,18,"135,000",2,2005,도산대로89길 12,
서울특별시 강남구 청담동,60,60,0,삼성청담공원아파트,107.22,202101,6,"186,000",13,1999,도산대로96길 39,
서울특별시 강남구 청담동,10,10,0,삼환아파트101동,57.78,202103,13,"80,000",7,1999,학동로77길 49,
서울특별시 강남구 청담동,116-10,116,10,상지리츠빌9차,200.88,202103,4,"310,000",3,2004,압구정로77길 27,
서울특별시 강남구 청담동,102-7,102,7,연세리버빌,236.42,202103,31,"375,000",8,1997,선릉로190길 72,
서울특별시 강남구 청담동,36,36,0,영풍마드레빌,122.2,202103,30,"188,000",2,2003,학동로63길 13,
서울특별시 강남구 청담동,65,65,0,진흥아파트,145.69,202101,18,"278,000",7,1984,학동로 513,
서울특별시 강남구 청담동,65,65,0,진흥아파트,109.31,202101,25,"229,000",3,1984,학동로 513,
서울특별시 강남구 청담동,122-35,122,35,청담 신원아침도시마인,27.7131,202101,16,"33,500",5,2013,도산대로85길 30,
서울특별시 강남구 청담동,122-35,122,35,청담 신원아침도시마인,27.7131,202102,4,"34,500",5,2013,도산대로85길 30,
서울특별시 강남구 청담동,Jan-64,64,1,청담 어퍼하우스,197.73,202102,15,"560,000",5,2019,학동로81길 28,
서울특별시 강남구 청담동,108,108,0,청담(건영),84.595,202103,19,"191,500",2,1994,도산대로89길 49,
서울특별시 강남구 청담동,30-33,30,33,청담대림 이-편한세상,81.84,202101,19,"195,000",9,2002,학동로77길 27,
서울특별시 강남구 청담동,110-3,110,3,청담대우멤버스카운티7차,145.14,202103,16,"245,000",3,2004,도산대로85길 50-14,
서울특별시 강남구 청담동,Dec-89,89,12,청담동마크노빌,270.25,202102,10,"365,000",5,2008,도산대로59길 25,
서울특별시 강남구 청담동,121,121,0,청담동현대빌라트,183.77,202102,17,"248,000",6,1998,도산대로83길 36,
서울특별시 강남구 청담동,Jan-67,67,1,청담린든그로브,84.9979,202102,24,"280,000",3,2017,학동로97길 51,
서울특별시 강남구 청담동,134-15,134,15,청담삼익아파트,105.58,202102,9,"310,000",11,1980,학동로 609,
서울특별시 강남구 청담동,134-15,134,15,청담삼익아파트,109.49,202102,18,"285,000",6,1980,학동로 609,
서울특별시 강남구 청담동,34-13,34,13,청담스위트,13.425,202101,5,"23,000",3,2015,학동로73길 13,
서울특별시 강남구 청담동,34-13,34,13,청담스위트,13.425,202101,27,"23,100",4,2015,학동로73길 13,
서울특별시 강남구 청담동,34-13,34,13,청담스위트,13.425,202102,26,"24,300",9,2015,학동로73길 13,
서울특별시 강남구 청담동,130,130,0,청담아이파크,110.18,202101,6,"235,000",14,1992,영동대로142길 25,
서울특별시 강남구 청담동,43,43,0,청담우방아파트,59.97,202103,18,"164,000",8,1999,학동로 409,
서울특별시 강남구 청담동,134-38,134,38,청담자이,49.618,202101,18,"179,500",35,2011,영동대로138길 12,
서울특별시 강남구 청담동,134-38,134,38,청담자이,89.115,202102,3,"350,000",11,2011,영동대로138길 12,
서울특별시 강남구 청담동,134-38,134,38,청담자이,49.619,202102,3,"185,000",17,2011,영동대로138길 12,
서울특별시 강남구 청담동,134-38,134,38,청담자이,90.197,202102,4,"274,000",6,2011,영동대로138길 12,
서울특별시 강남구 청담동,134-38,134,38,청담자이,49.619,202103,5,"186,500",30,2011,영동대로138길 12,
서울특별시 강남구 청담동,134-38,134,38,청담자이,89.115,202103,6,"315,000",32,2011,영동대로138길 12,
서울특별시 강남구 청담동,115-17,115,17,호원빌라,244.49,202102,6,"380,000",2,1999,압구정로75길 15,
서울특별시 강남구 청담동,05월 25일,5,25,휴먼스타빌,35.905,202103,20,"69,000",6,2005,도산대로 454,
