지역 및 규모,2018-01(평균매매가격),2018-01(평균단위당매매가격),2018-01(중위매매가격),2018-01(중위단위당매매가격),2018-02(평균매매가격),2018-02(평균단위당매매가격),2018-02(중위매매가격),2018-02(중위단위당매매가격),2018-03(평균매매가격),2018-03(평균단위당매매가격),2018-03(중위매매가격),2018-03(중위단위당매매가격),2018-04(평균매매가격),2018-04(평균단위당매매가격),2018-04(중위매매가격),2018-04(중위단위당매매가격),2018-05(평균매매가격),2018-05(평균단위당매매가격),2018-05(중위매매가격),2018-05(중위단위당매매가격),2018-06(평균매매가격),2018-06(평균단위당매매가격),2018-06(중위매매가격),2018-06(중위단위당매매가격),2018-07(평균매매가격),2018-07(평균단위당매매가격),2018-07(중위매매가격),2018-07(중위단위당매매가격),2018-08(평균매매가격),2018-08(평균단위당매매가격),2018-08(중위매매가격),2018-08(중위단위당매매가격),2018-09(평균매매가격),2018-09(평균단위당매매가격),2018-09(중위매매가격),2018-09(중위단위당매매가격),2018-10(평균매매가격),2018-10(평균단위당매매가격),2018-10(중위매매가격),2018-10(중위단위당매매가격),2018-11(평균매매가격),2018-11(평균단위당매매가격),2018-11(중위매매가격),2018-11(중위단위당매매가격),2018-12(평균매매가격),2018-12(평균단위당매매가격),2018-12(중위매매가격),2018-12(중위단위당매매가격),2019-01(평균매매가격),2019-01(평균단위당매매가격),2019-01(중위매매가격),2019-01(중위단위당매매가격),2019-02(평균매매가격),2019-02(평균단위당매매가격),2019-02(중위매매가격),2019-02(중위단위당매매가격),2019-03(평균매매가격),2019-03(평균단위당매매가격),2019-03(중위매매가격),2019-03(중위단위당매매가격),2019-04(평균매매가격),2019-04(평균단위당매매가격),2019-04(중위매매가격),2019-04(중위단위당매매가격),2019-05(평균매매가격),2019-05(평균단위당매매가격),2019-05(중위매매가격),2019-05(중위단위당매매가격),2019-06(평균매매가격),2019-06(평균단위당매매가격),2019-06(중위매매가격),2019-06(중위단위당매매가격),2019-07(평균매매가격),2019-07(평균단위당매매가격),2019-07(중위매매가격),2019-07(중위단위당매매가격),2019-08(평균매매가격),2019-08(평균단위당매매가격),2019-08(중위매매가격),2019-08(중위단위당매매가격),2019-09(평균전세가격),2019-09(평균단위당전세가격),2019-09(중위전세가격),2019-09(중위단위당전세가격),2019-10(평균전세가격),2019-10(평균단위당전세가격),2019-10(중위전세가격),2019-10(중위단위당전세가격),2019-11(평균전세가격),2019-11(평균단위당전세가격),2019-11(중위전세가격),2019-11(중위단위당전세가격),2019-12(평균전세가격),2019-12(평균단위당전세가격),2019-12(중위전세가격),2019-12(중위단위당전세가격),2020-01(평균전세가격),2020-01(평균단위당전세가격),2020-01(중위전세가격),2020-01(중위단위당전세가격),2020-02(평균전세가격),2020-02(평균단위당전세가격),2020-02(중위전세가격),2020-02(중위단위당전세가격),2020-03(평균전세가격),2020-03(평균단위당전세가격),2020-03(중위전세가격),2020-03(중위단위당전세가격),2020-04(평균전세가격),2020-04(평균단위당전세가격),2020-04(중위전세가격),2020-04(중위단위당전세가격),2020-05(평균전세가격),2020-05(평균단위당전세가격),2020-05(중위전세가격),2020-05(중위단위당전세가격),2020-06(평균전세가격),2020-06(평균단위당전세가격),2020-06(중위전세가격),2020-06(중위단위당전세가격)
전국 40㎡이하,97656,3527,93603,3424,97759,3531,93560,3436,97948,3538,93858,3453,98071,3543,94383,3457,98057,3542,93734,3452,98091,3543,93789,3460,98084,3543,93648,3467,98052,3543,93719,3471,98094,3544,93740,3475,98157,3547,93779,3477,98214,3549,93780,3477,98127,3547,93565,3469,98051,3544,93548,3463,97917,3539,93458,3456,97879,3538,93388,3452,97794,3535,93180,3448,97726,3532,93180,3442,97624,3529,93041,3437,97586,3527,93011,3436,97580,3527,93091,3437,97628,3528,93137,3437,97656,3529,93118,3434,97718,3531,93226,3439,97796,3534,93342,3443,97880,3537,93447,3444,97916,3538,93738,3437,97993,3541,93734,3437,97974,3540,93819,3439,97986,3541,93786,3443,98018,3542,93799,3437
전국 40㎡초과,237428,3258,198916,3182,238322,3269,199503,3197,238599,3272,199863,3199,239147,3278,200207,3205,239544,3283,200951,3213,239706,3286,201625,3233,239839,3288,202581,3237,239788,3288,202528,3242,240077,3292,202725,3253,240198,3294,203074,3250,240128,3292,203024,3249,240037,3291,202980,3243,239908,3288,203089,3239,239763,3286,203823,3245,239414,3281,203413,3239,239230,3279,202870,3236,239108,3278,202749,3217,239193,3279,203222,3220,239099,3278,203200,3219,239336,3281,203318,3221,239422,3281,203499,3223,239691,3285,203875,3225,239861,3287,204109,3232,240120,3290,204442,3236,240320,3292,204519,3237,240719,3297,204805,3241,240897,3300,204754,3242,240915,3301,204888,3242,240961,3301,204630,3243,240955,3301,204237,3241
수도권 40㎡이하,108442,3917,103834,3799,108595,3923,103789,3813,108838,3932,104157,3835,109026,3939,104834,3839,109025,3939,104034,3833,109101,3941,104041,3845,109112,3942,103904,3854,109087,3942,103994,3861,109160,3945,104040,3865,109263,3949,104130,3868,109350,3952,104176,3868,109259,3950,103907,3860,109173,3946,103907,3853,109021,3941,103809,3845,108980,3940,103722,3840,108898,3937,103467,3836,108845,3935,103467,3831,108743,3931,103293,3828,108709,3930,103248,3827,108716,3930,103355,3829,108797,3933,103488,3830,108846,3934,103595,3826,108937,3938,103729,3833,109039,3941,103873,3837,109149,3946,104046,3840,109208,3947,104491,3831,109309,3951,104491,3831,109312,3951,104601,3836,109341,3952,104601,3840,109396,3954,104621,3833
수도권 40㎡초과,251619,3537,215875,3464,252719,3550,216598,3484,253093,3555,217186,3487,253808,3562,217624,3494,254340,3569,218616,3502,254586,3573,219538,3523,254799,3576,220727,3529,254770,3577,220869,3535,255158,3583,221113,3548,255370,3586,221543,3545,255307,3584,221500,3545,255229,3582,221436,3537,255070,3579,221591,3531,254926,3577,222587,3539,254516,3572,222091,3531,254315,3569,221420,3528,254188,3567,221281,3505,254341,3570,221884,3509,254325,3570,221930,3508,254644,3573,222096,3512,254773,3574,222329,3514,255117,3579,222799,3516,255309,3581,222763,3521,255599,3584,222831,3519,255869,3587,222929,3520,256326,3593,223292,3525,256532,3596,223228,3526,256642,3598,223394,3526,256716,3599,223158,3529,256860,3601,223057,3533
지방 40㎡이하,53042,1915,51277,1876,52933,1910,51248,1875,52903,1909,51255,1876,52754,1904,51153,1875,52687,1902,51127,1874,52549,1897,51377,1869,52466,1893,51225,1865,52404,1891,51218,1861,52319,1888,51134,1860,52217,1884,50960,1860,52147,1882,50780,1860,52077,1879,50785,1850,52047,1878,50695,1849,51989,1876,50640,1846,51961,1875,50640,1845,51862,1871,50626,1844,51729,1866,50626,1836,51625,1863,50633,1821,51575,1861,50666,1823,51514,1859,50636,1815,51426,1855,50319,1812,51365,1853,49781,1812,51309,1851,49781,1808,51289,1850,49781,1810,51263,1849,49601,1810,51202,1846,49256,1807,51182,1846,49237,1807,51072,1842,49218,1799,51017,1840,49048,1800,50956,1837,49034,1800
지방 40㎡초과,176521,2059,126132,1972,176533,2060,126132,1966,176394,2059,125511,1965,176224,2056,125454,1964,176045,2055,125134,1973,175843,2052,124744,1988,175634,2050,124701,1986,175490,2048,123813,1985,175352,2045,123808,1985,175082,2042,123808,1984,174980,2042,123728,1982,174832,2041,123768,1984,174834,2040,123681,1983,174684,2037,123291,1983,174601,2036,123252,1982,174487,2034,123252,1982,174388,2033,123213,1980,174184,2031,123126,1979,173749,2027,122812,1977,173634,2025,122725,1975,173535,2024,122682,1975,173485,2023,122658,1975,173560,2024,124051,1991,173687,2028,125519,2020,173584,2027,125506,2020,173738,2029,125462,2021,173795,2029,125462,2023,173414,2026,125462,2023,173343,2024,125108,2017,172694,2017,123466,1988
서울 40㎡이하,123401,4611,120395,4518,123623,4620,120395,4537,123916,4631,120493,4568,124135,4639,121699,4579,124088,4637,120863,4570,124236,4642,121184,4589,124419,4650,121094,4593,124618,4657,121255,4610,124821,4666,121255,4619,125027,4673,121415,4623,125121,4677,121415,4626,125102,4677,121494,4615,124975,4673,121494,4602,124802,4667,121319,4589,124778,4666,121245,4581,124692,4662,121101,4574,124660,4661,121101,4569,124638,4660,121101,4567,124628,4660,121101,4564,124707,4662,121291,4570,124843,4668,121529,4572,124972,4672,121780,4569,125116,4678,122018,4580,125325,4686,122194,4588,125502,4693,122194,4595,125611,4697,122799,4595,125739,4702,122799,4595,125795,4704,122799,4589,125890,4707,122799,4598,125991,4710,122989,4599
서울 40㎡초과,320689,4564,268055,4588,322221,4582,269691,4631,322794,4589,271022,4635,324049,4601,272469,4651,325110,4615,274081,4670,325334,4619,275536,4670,325853,4625,276404,4682,325889,4626,276549,4695,326569,4636,277557,4707,327111,4644,278353,4699,327191,4643,278257,4699,327131,4642,278112,4701,326818,4637,278637,4692,326596,4634,280365,4709,326235,4629,279593,4692,325959,4626,278532,4684,325929,4626,278217,4688,326451,4635,279230,4699,326631,4637,279421,4703,327307,4645,279709,4703,327524,4648,279709,4704,328094,4656,280772,4710,328749,4664,281146,4717,329327,4672,281299,4720,329994,4680,281521,4722,330408,4684,281888,4724,330648,4688,281743,4726,330938,4692,282117,4732,331031,4694,281936,4739,331128,4695,281707,4739
서울 도심권 40㎡이하,155735,5111,157500,5329,156103,5122,157500,5419,156941,5150,160000,5474,157206,5162,160000,5474,157162,5160,160000,5474,157515,5171,160000,5474,157735,5178,160000,5474,158353,5199,160000,5518,158735,5217,160000,5580,159912,5259,160000,5580,159809,5253,160000,5580,159485,5242,160000,5580,159103,5229,160000,5550,158309,5202,159000,5516,158294,5201,157500,5436,158147,5193,156000,5433,158353,5201,156000,5422,158235,5198,156000,5422,157971,5191,156000,5422,157618,5184,156500,5422,157765,5189,157500,5422,157985,5196,157500,5433,158463,5213,158500,5447,158801,5223,159500,5503,159140,5233,159500,5503,159360,5239,159500,5503,159596,5247,159500,5503,159654,5248,159500,5503,159846,5256,159500,5503,160125,5265,160000,5503
서울 도심권 40㎡초과,357200,5416,327500,5440,359100,5450,326000,5624,359600,5461,326000,5624,360433,5475,326000,5624,361067,5487,331000,5762,361067,5485,331000,5762,361733,5493,331000,5762,362900,5508,331000,5762,363767,5513,335000,5774,365000,5536,337500,5669,365467,5537,337500,5645,364800,5525,337500,5645,364900,5520,337500,5645,364533,5512,337500,5669,363767,5500,337500,5643,363333,5492,337500,5658,362667,5485,340000,5658,363000,5493,340000,5658,363667,5504,345000,5658,364633,5526,347500,5658,364633,5526,347500,5658,364367,5523,348000,5653,365067,5534,349500,5673,365333,5538,350000,5673,365733,5546,351500,5680,366367,5556,353000,5680,366633,5560,353000,5681,367100,5569,354500,5681,367467,5575,355500,5681,367733,5579,357000,5677
서울 동북권 40㎡이하,102815,3990,100000,3657,103038,3999,100000,3660,103187,4005,100000,3660,103400,4014,100000,3672,103506,4019,100000,3683,103649,4022,100000,3664,103723,4025,100000,3655,103894,4033,100000,3678,104191,4044,100000,3693,104362,4052,100000,3700,104585,4060,100000,3755,104580,4060,100500,3755,104441,4054,100500,3747,104286,4049,100000,3747,104244,4048,100000,3747,104180,4045,100000,3747,104113,4042,100000,3747,104097,4041,100000,3747,104082,4041,100000,3747,104116,4042,100000,3747,104153,4044,100000,3747,104222,4046,100000,3747,104300,4050,100000,3763,104406,4054,100500,3763,104561,4059,100500,3785,104682,4064,100500,3785,104767,4068,100500,3785,104830,4071,100500,3785,104862,4072,100500,3785,105005,4079,100500,3785
서울 동북권 40㎡초과,173773,3159,154500,3284,173818,3159,154500,3284,174227,3166,154500,3296,174318,3167,154500,3296,174682,3173,155000,3296,174864,3176,155500,3296,174909,3177,155500,3296,175000,3179,155500,3296,175227,3183,155500,3308,175318,3185,156000,3308,175409,3186,156000,3308,175227,3183,156000,3308,175227,3183,156000,3308,175182,3182,156000,3308,174818,3175,155500,3308,174727,3173,155000,3305,174682,3172,155000,3305,174455,3168,155000,3304,174455,3168,155000,3304,174455,3168,155000,3304,174523,3169,155000,3304,174568,3169,155000,3304,174568,3169,155000,3304,174750,3173,155000,3308,175000,3178,155500,3317,175045,3179,156500,3317,175045,3181,156500,3338,175136,3182,156500,3338,175318,3186,157000,3338,175409,3187,157000,3338
서울 서북권 40㎡이하,126793,4969,120000,4823,127232,4986,120000,4846,127645,5003,120000,4846,127766,5009,120500,4877,127752,5006,120000,4847,127877,5011,120000,4847,128014,5019,120500,4877,128032,5021,120500,4877,128168,5027,120500,4881,128293,5032,120500,4881,128202,5028,120500,4881,128180,5028,120500,4877,128230,5028,120500,4877,128116,5027,120500,4846,128280,5035,121000,4846,128314,5036,121000,4846,128439,5039,121000,4817,128791,5050,121000,4817,128734,5047,121000,4817,128859,5051,121000,4818,128989,5056,121000,4829,129034,5058,120500,4829,129170,5063,120500,4864,129500,5077,120500,4864,129636,5084,120500,4864,129818,5092,120500,4864,130051,5101,120500,4866,130233,5107,120500,4866,130409,5114,120500,4866,130580,5120,120500,4866
서울 서북권 40㎡초과,305136,4434,290500,4723,305591,4444,290500,4723,308864,4493,298500,4844,308864,4493,298500,4844,310955,4526,302500,4876,311045,4527,302500,4876,311955,4540,302500,4876,311682,4537,302500,4869,312864,4551,302500,4892,314091,4563,301000,4939,313091,4544,300000,4931,313091,4544,300000,4931,312136,4529,295000,4879,311591,4517,295000,4879,311500,4515,295000,4879,311091,4508,295000,4879,309636,4491,295000,4851,312273,4526,295000,4858,312409,4528,294000,4850,312636,4531,294000,4850,312864,4533,294000,4850,313545,4546,294000,4850,314455,4563,294000,4850,315182,4569,295000,4858,315409,4571,295000,4858,315864,4577,296000,4871,315864,4577,296000,4871,315864,4577,296000,4871,315864,4577,296000,4871,316045,4580,296000,4871
서울 서남권 40㎡이하,96613,4009,92000,3922,96782,4017,92000,3922,97053,4029,92000,3939,97342,4039,92000,3953,97376,4040,90500,3933,97489,4046,91500,3936,97682,4055,91000,3939,97811,4060,91500,3967,98101,4071,91500,3968,98319,4079,92000,3979,98452,4086,92000,3977,98533,4090,92000,3970,98501,4089,92000,3954,98452,4087,92000,3939,98477,4086,92000,3936,98404,4083,92000,3915,98266,4077,92000,3915,98231,4076,92000,3910,98218,4075,92000,3901,98283,4076,92000,3920,98348,4080,92000,3920,98377,4080,93000,3908,98479,4085,93000,3915,98548,4089,93000,3922,98597,4091,93000,3922,98629,4093,94000,3922,98645,4094,94000,3922,98645,4093,94000,3902,98653,4093,94000,3929,98677,4094,94000,3933
서울 서남권 40㎡초과,288732,4136,243000,4064,289589,4149,247500,4064,289893,4153,252500,4055,290661,4159,252500,4078,291518,4171,254000,4078,292500,4185,257500,4078,293321,4194,257500,4073,292857,4190,257500,4083,293571,4202,258500,4083,294250,4213,260000,4083,294679,4218,260000,4091,294732,4219,260000,4091,294286,4214,262500,4082,294339,4214,265000,4082,294393,4216,265000,4082,294571,4219,265000,4091,294964,4223,263500,4107,295250,4228,263500,4100,295375,4229,263500,4114,295589,4234,263500,4114,295714,4235,263500,4116,296643,4245,266000,4129,297732,4257,266500,4140,298679,4269,266500,4140,299536,4280,266500,4140,299661,4281,266500,4140,300196,4289,266500,4140,300500,4294,267000,4144,300518,4294,266500,4156,300536,4294,265500,4156
서울 동남권 40㎡이하,152538,5291,151500,5245,152663,5295,151500,5268,152817,5300,151000,5341,152992,5307,155000,5341,152750,5296,154000,5341,152883,5300,154000,5415,153125,5308,154000,5415,153367,5317,154000,5415,153392,5318,154000,5415,153317,5315,154000,5415,153450,5320,154000,5395,153417,5321,154000,5367,153187,5313,154000,5353,153045,5308,154000,5353,152878,5303,154000,5353,152728,5297,154000,5353,152678,5295,154000,5353,152512,5290,154000,5353,152620,5294,154000,5353,152862,5302,154500,5353,153133,5312,155000,5353,153421,5323,155000,5353,153538,5326,155500,5353,153858,5338,155500,5353,154158,5349,155500,5367,154275,5354,156500,5367,154467,5360,156500,5367,154517,5362,156500,5367,154675,5368,156500,5367,154742,5369,157000,5367
서울 동남권 40㎡초과,405227,5336,310000,5370,408409,5364,310000,5446,408545,5361,305000,5428,411455,5384,310000,5451,412864,5400,310000,5451,412182,5392,310000,5451,412250,5394,313000,5499,412614,5397,313500,5536,413159,5406,314000,5559,413159,5405,314000,5559,412955,5401,314000,5559,413000,5402,313500,5565,412818,5399,313500,5565,412318,5396,316000,5613,411455,5383,313500,5565,410591,5375,310000,5521,410705,5380,310000,5521,411182,5389,313500,5565,411318,5389,312500,5565,412898,5402,312500,5565,413375,5407,312500,5565,413920,5418,312500,5571,414091,5421,312500,5571,414364,5426,312500,5577,415159,5432,312500,5577,416000,5440,312500,5582,415977,5440,312000,5582,416341,5444,312000,5596,416432,5445,311500,5602,416545,5446,311500,5602
부산 40㎡이하,52325,1963,50000,1920,52223,1959,50000,1920,52197,1958,50000,1920,52040,1953,50000,1920,51975,1950,50000,1920,51870,1946,50500,1917,51823,1944,50500,1911,51738,1941,50500,1905,51684,1939,50500,1905,51573,1935,50250,1904,51486,1932,50000,1904,51392,1929,50000,1890,51343,1927,50000,1890,51280,1924,50000,1890,51213,1922,50000,1886,51075,1917,50000,1886,50883,1909,50000,1875,50761,1905,50000,1856,50714,1903,50000,1856,50639,1900,50000,1845,50548,1896,49700,1845,50450,1893,49000,1845,50369,1889,49000,1838,50314,1888,49000,1838,50309,1887,48750,1838,50220,1884,48250,1836,50199,1883,48250,1836,50068,1878,48250,1824,50002,1876,48000,1824,49921,1872,48000,1824
부산 40㎡초과,213644,2327,146000,2188,213706,2328,146000,2181,213519,2326,145000,2181,213285,2324,145000,2181,212827,2322,144500,2198,212448,2320,144000,2223,212235,2318,144000,2223,212004,2315,143000,2225,211792,2311,143000,2225,211354,2307,143000,2225,211050,2305,143000,2225,210906,2304,143000,2225,210698,2301,143000,2225,210506,2298,142500,2225,210417,2296,142500,2225,210244,2294,142500,2225,210181,2293,142500,2225,209869,2291,142500,2225,209313,2286,142000,2225,209271,2285,142000,2225,209188,2284,142000,2225,209135,2283,142000,2225,209313,2286,144500,2251,209719,2293,147000,2299,209594,2292,147000,2299,209594,2292,147000,2299,209604,2291,147000,2299,209031,2287,147000,2299,208854,2284,146500,2290,207750,2271,144000,2243
대구 40㎡이하,61531,1927,58000,1623,61469,1925,58000,1631,61531,1927,58000,1658,61500,1925,58000,1658,61594,1928,58000,1658,61625,1929,57500,1661,61625,1929,57500,1661,61469,1924,57500,1661,61375,1922,57500,1661,61344,1920,57500,1661,61344,1920,57500,1661,61278,1918,57400,1661,61278,1918,57400,1661,61341,1920,57400,1661,61341,1920,57400,1661,61341,1920,57400,1661,61434,1924,57400,1661,61434,1924,57400,1661,61372,1922,57400,1653,61438,1923,57500,1653,61500,1925,57500,1653,61563,1927,57500,1653,61563,1927,57500,1653,61750,1932,57500,1674,61641,1928,57500,1674,61766,1932,57500,1674,61766,1932,57500,1674,61672,1929,57500,1674,61656,1928,57500,1674,61688,1930,57500,1674
대구 40㎡초과,94455,1658,80000,1528,94364,1656,80000,1528,93955,1648,79000,1516,93955,1647,79000,1516,94023,1645,79000,1505,93727,1640,79000,1494,93455,1634,79000,1482,93477,1635,79000,1482,93218,1629,79000,1482,93218,1629,79000,1482,93332,1630,80000,1482,93336,1631,80000,1482,93205,1628,80000,1482,93150,1627,80000,1482,93073,1626,79500,1482,92982,1624,79500,1482,92800,1620,79500,1471,92709,1618,79500,1471,92709,1618,79500,1471,92723,1618,79500,1471,92727,1618,79500,1471,92795,1619,79750,1471,93000,1623,80250,1471,93000,1623,80250,1471,93227,1626,80250,1471,93409,1629,80250,1471,93409,1629,80250,1471,93273,1626,80250,1471,93273,1626,80250,1471,93182,1625,80250,1465
인천 40㎡이하,50968,1844,51500,1785,51016,1847,51000,1789,51004,1848,51000,1787,50871,1844,51000,1775,50950,1846,51000,1764,51014,1848,51000,1751,50933,1846,51000,1751,50688,1836,51000,1751,50685,1835,51500,1779,50770,1838,51500,1779,50826,1840,52000,1800,50714,1834,52000,1800,50764,1836,52000,1807,50773,1836,52000,1800,50761,1835,51500,1798,50780,1836,51500,1789,50825,1836,51500,1765,50763,1833,51500,1765,50578,1825,51000,1765,50468,1821,51000,1753,50451,1820,51000,1753,50425,1820,51000,1753,50440,1821,51000,1758,50415,1818,51500,1758,50400,1818,51500,1754,50263,1812,50750,1747,50313,1814,50750,1747,50431,1818,51000,1749,50313,1814,51000,1739,50263,1811,51000,1754
인천 40㎡초과,122333,1863,115000,1812,122433,1865,115000,1821,122233,1862,115000,1821,122150,1861,115000,1821,122323,1863,115500,1821,122357,1864,116000,1821,122373,1865,116000,1821,122348,1865,116500,1821,122348,1865,116500,1821,122348,1865,117000,1821,122248,1864,117000,1821,122232,1864,117000,1821,122092,1860,116500,1812,121625,1855,118000,1812,121775,1857,117000,1812,121625,1854,117000,1814,121435,1851,117000,1814,121635,1854,118000,1812,121377,1851,117750,1792,121418,1852,118000,1813,121485,1854,119500,1823,121635,1854,119500,1823,121460,1851,119500,1833,121217,1847,119500,1813,121233,1847,119500,1815,121342,1849,119500,1815,121133,1847,119500,1815,120992,1846,119500,1818,121008,1846,118500,1818,120892,1844,118500,1818
광주 40㎡이하,34586,1116,30500,1026,34556,1115,30400,1026,34606,1116,30500,1026,34553,1115,30500,1024,34536,1114,30200,1024,34536,1114,30200,1024,34508,1113,30200,1009,34519,1113,30200,1009,34519,1113,30200,1009,34561,1115,30200,1009,34589,1116,30200,1009,34556,1115,30450,1009,34578,1116,30500,1009,34578,1116,30500,1009,34578,1116,30500,1009,34556,1115,30500,1009,34508,1114,30500,1009,34481,1113,30450,1002,34458,1112,30450,1002,34386,1110,30350,1002,34333,1108,30300,1002,34272,1106,30200,1002,34244,1105,30200,1002,34217,1104,30200,1002,34161,1102,30200,1002,34147,1101,30200,1002,34092,1100,29950,1002,33986,1097,29700,1002,33958,1096,29700,1002,33931,1095,29700,1002
광주 40㎡초과,101615,1518,80000,1367,101655,1519,80000,1367,101755,1521,80000,1367,101565,1518,80000,1367,101665,1517,80000,1367,101415,1512,80000,1367,101415,1512,80000,1367,101515,1514,80000,1367,101615,1517,80000,1367,101575,1516,80000,1367,101575,1516,80000,1367,101475,1514,80000,1367,101505,1513,80000,1367,101515,1513,80000,1367,101515,1513,80000,1367,101505,1513,80000,1367,101505,1513,80000,1367,101485,1513,80000,1342,101370,1511,80000,1336,101290,1509,80000,1334,101275,1509,80000,1334,101140,1506,80000,1334,101040,1504,80000,1334,100865,1502,80000,1334,100715,1499,79750,1334,100590,1497,79750,1334,100440,1495,79750,1334,100340,1493,79750,1334,100150,1489,79750,1331,100000,1486,79750,1331
대전 40㎡이하,56602,1738,60500,1883,56557,1737,60500,1876,56486,1735,60500,1876,56395,1732,60000,1874,56173,1724,60000,1867,55670,1708,59500,1845,55523,1704,58500,1868,55705,1708,58500,1875,55614,1705,58000,1875,55523,1701,58000,1881,55455,1699,58000,1881,55520,1700,58000,1881,55389,1696,57000,1869,55275,1693,56500,1840,55293,1694,56500,1840,55293,1694,56500,1840,55293,1693,56500,1840,55205,1691,56500,1821,55057,1687,56500,1838,55011,1686,56500,1838,54784,1678,55500,1816,54852,1681,55000,1816,54852,1681,55000,1816,54807,1679,55000,1816,54716,1676,55000,1816,54686,1675,55000,1804,54664,1674,55000,1804,54618,1672,55000,1804,54539,1669,55000,1804,54527,1669,55000,1804
대전 40㎡초과,135629,1739,95000,1810,135521,1738,95000,1796,135607,1740,95500,1796,135550,1739,95500,1796,136371,1741,95500,1790,136857,1740,95000,1790,136643,1737,95000,1782,136857,1739,95000,1782,137107,1741,95000,1782,137250,1740,95000,1782,138071,1752,94000,1767,138286,1755,94250,1780,139357,1763,94250,1780,139250,1761,93750,1780,139268,1761,93750,1780,139375,1763,93750,1780,139393,1764,93500,1774,139446,1765,93500,1774,139161,1761,93500,1767,139018,1758,93500,1764,138911,1757,93500,1764,138982,1759,93500,1764,138839,1755,92500,1764,138196,1753,92500,1764,137982,1751,92500,1764,138768,1761,92500,1771,139161,1766,92500,1781,139125,1765,92500,1781,139482,1770,92500,1781,139839,1775,92500,1792
울산 40㎡이하,50720,1639,50400,1715,50510,1632,50400,1715,50190,1622,50400,1712,50020,1616,50250,1711,49895,1611,50150,1707,49545,1601,50000,1675,49325,1593,50000,1667,48925,1581,49750,1667,48610,1572,49500,1658,48285,1562,49350,1658,48100,1556,49000,1653,47850,1548,48750,1647,47500,1536,48500,1638,47175,1526,48500,1632,47050,1522,48500,1624,46850,1515,48000,1611,46700,1510,48000,1611,46325,1499,48000,1607,46145,1492,48000,1603,46045,1489,47000,1592,46005,1488,47000,1592,45855,1483,47000,1577,45855,1483,47000,1577,45730,1478,47000,1577,45580,1474,46650,1569,45350,1465,46500,1552,45350,1465,46500,1552,45250,1462,46500,1552,45150,1459,46500,1561,44950,1452,46000,1538
울산 40㎡초과,105158,1382,109050,1435,105104,1382,109050,1440,105008,1380,109050,1440,104958,1380,108500,1434,104658,1374,108500,1434,104608,1371,108500,1442,104363,1368,108000,1441,103925,1362,105000,1426,103613,1357,105000,1417,103404,1354,105000,1413,102821,1346,105000,1413,101813,1333,105000,1413,101500,1329,104000,1407,101375,1327,104000,1407,101100,1322,104000,1395,100913,1320,104000,1395,100350,1313,104000,1395,100238,1311,103000,1388,99838,1306,103000,1388,99104,1296,102000,1371,98796,1292,101500,1371,98488,1288,101000,1371,98217,1285,100500,1371,98000,1282,99500,1364,97979,1282,99500,1364,98250,1283,99000,1359,98208,1283,99000,1359,98167,1282,99000,1359,98083,1281,98500,1359,98042,1281,97500,1352
세종 40㎡이하,77036,3154,75500,3116,76536,3135,75000,3115,76464,3132,75000,3100,75964,3111,74000,3073,75964,3111,74000,3073,75893,3108,74000,3073,75286,3083,73000,3052,75214,3081,73000,3043,74661,3058,72500,3022,74482,3050,72500,3022,74482,3050,72500,3022,74482,3050,72500,3022,75071,3076,73000,3045,75143,3078,73000,3045,75571,3093,73000,3073,75625,3094,73000,3073,75625,3094,73000,3073,75679,3096,73250,3073,75857,3104,74000,3088,75857,3104,74000,3088,75857,3104,74000,3088,75929,3107,74000,3089,75964,3109,74000,3089,76321,3122,74000,3112,76393,3124,74000,3112,76464,3127,74000,3131,76464,3127,74000,3131,76482,3128,74000,3131,76589,3133,74000,3131,76625,3134,74000,3144
세종 40㎡초과,124400,2489,120000,2676,124400,2489,120000,2676,124200,2484,120000,2676,123800,2474,118000,2632,122200,2441,116000,2587,121600,2430,116000,2587,121600,2430,116000,2587,121000,2417,115000,2565,120250,2402,114000,2542,120250,2402,114000,2542,120250,2402,114000,2542,120250,2402,114000,2542,120050,2397,114000,2542,120150,2398,114000,2542,120150,2398,114000,2542,120150,2398,114000,2542,120150,2398,114000,2542,120150,2398,114000,2542,119600,2386,113500,2533,119600,2386,113500,2533,119000,2376,113500,2531,118900,2374,113500,2531,118900,2374,113500,2531,119600,2386,113500,2531,119600,2386,113500,2531,119500,2384,113500,2531,119500,2384,113500,2531,119500,2384,113500,2531,119400,2382,113500,2531,119500,2384,113500,2531
경기 40㎡이하,99347,3339,90800,3165,99418,3341,90800,3174,99645,3349,91700,3186,99869,3357,91700,3186,99922,3359,90750,3186,99884,3358,90250,3192,99641,3349,90000,3213,99311,3338,90000,3204,99192,3333,90000,3195,99134,3332,90000,3195,99218,3335,90000,3185,99018,3329,89100,3180,98960,3326,89100,3180,98799,3321,89100,3180,98725,3319,89100,3180,98622,3316,88600,3180,98509,3312,88600,3180,98270,3304,88100,3175,98236,3302,88100,3175,98158,3299,88100,3175,98175,3299,88100,3175,98114,3296,88000,3170,98138,3296,88000,3170,98102,3295,88000,3170,98136,3296,88500,3166,98166,3296,89000,3143,98235,3298,89000,3143,98124,3294,89250,3166,98082,3293,89250,3166,98091,3293,89000,3140
경기 40㎡초과,225663,3055,197500,2867,226674,3067,197500,2867,227049,3073,197500,2870,227481,3078,197000,2870,227568,3079,197500,2870,227920,3084,198000,2920,227875,3085,200000,2922,227773,3086,200000,2922,227989,3089,199500,2942,227920,3089,199500,2942,227716,3084,199500,2942,227595,3081,199500,2920,227595,3081,199500,2920,227664,3081,199500,2920,226982,3072,199500,2920,226845,3070,199000,2920,226636,3067,199000,2858,226364,3064,199000,2858,226227,3061,199000,2858,226261,3060,199000,2858,226318,3060,199000,2858,226489,3062,199000,2858,226313,3059,198500,2858,226494,3061,198500,2858,226426,3059,198500,2858,227063,3066,199000,2869,227392,3071,199000,2869,227403,3072,199000,2860,227477,3072,199000,2860,227773,3077,199000,2870
